[2026-03-08 02:44:32] local.ERROR: The /Users/mcorucu/.gemini/antigravity/playground/solitary-viking/bootstrap/cache directory must be present and writable. {"exception":"[object] (Exception(code: 0): The /Users/mcorucu/.gemini/antigravity/playground/solitary-viking/bootstrap/cache directory must be present and writable. at /Users/mcorucu/.gemini/antigravity/playground/solitary-viking/vendor/laravel/framework/src/Illuminate/Foundation/PackageManifest.php:179)
[stacktrace]
#0 /Users/mcorucu/.gemini/antigravity/playground/solitary-viking/vendor/laravel/framework/src/Illuminate/Foundation/PackageManifest.php(132): Illuminate\\Foundation\\PackageManifest->write(Array)
#1 /Users/mcorucu/.gemini/antigravity/playground/solitary-viking/vendor/laravel/framework/src/Illuminate/Foundation/PackageManifest.php(108): Illuminate\\Foundation\\PackageManifest->build()
#2 /Users/mcorucu/.gemini/antigravity/playground/solitary-viking/vendor/laravel/framework/src/Illuminate/Foundation/PackageManifest.php(91): Illuminate\\Foundation\\PackageManifest->getManifest()
#3 /Users/mcorucu/.gemini/antigravity/playground/solitary-viking/vendor/laravel/framework/src/Illuminate/Foundation/PackageManifest.php(80): Illuminate\\Foundation\\PackageManifest->config('aliases')
#4 /Users/mcorucu/.gemini/antigravity/playground/solitary-viking/vendor/laravel/framework/src/Illuminate/Foundation/Bootstrap/RegisterFacades.php(26): Illuminate\\Foundation\\PackageManifest->aliases()
#5 /Users/mcorucu/.gemini/antigravity/playground/solitary-viking/vendor/laravel/framework/src/Illuminate/Foundation/Application.php(342): Illuminate\\Foundation\\Bootstrap\\RegisterFacades->bootstrap(Object(Illuminate\\Foundation\\Application))
#6 /Users/mcorucu/.gemini/antigravity/playground/solitary-viking/vendor/laravel/framework/src/Illuminate/Foundation/Console/Kernel.php(474): Illuminate\\Foundation\\Application->bootstrapWith(Array)
#7 /Users/mcorucu/.gemini/antigravity/playground/solitary-viking/vendor/laravel/framework/src/Illuminate/Foundation/Console/Kernel.php(196): Illuminate\\Foundation\\Console\\Kernel->bootstrap()
#8 /Users/mcorucu/.gemini/antigravity/playground/solitary-viking/artisan(14): Illuminate\\Foundation\\Console\\Kernel->handle(Object(Symfony\\Component\\Console\\Input\\ArgvInput), Object(Symfony\\Component\\Console\\Output\\ConsoleOutput))
#9 {main}
"} 
[2026-03-08 02:44:32] local.ERROR: The /Users/mcorucu/.gemini/antigravity/playground/solitary-viking/bootstrap/cache directory must be present and writable. {"exception":"[object] (Exception(code: 0): The /Users/mcorucu/.gemini/antigravity/playground/solitary-viking/bootstrap/cache directory must be present and writable. at /Users/mcorucu/.gemini/antigravity/playground/solitary-viking/vendor/laravel/framework/src/Illuminate/Foundation/PackageManifest.php:179)
[stacktrace]
#0 /Users/mcorucu/.gemini/antigravity/playground/solitary-viking/vendor/laravel/framework/src/Illuminate/Foundation/PackageManifest.php(132): Illuminate\\Foundation\\PackageManifest->write(Array)
#1 /Users/mcorucu/.gemini/antigravity/playground/solitary-viking/vendor/laravel/framework/src/Illuminate/Foundation/PackageManifest.php(108): Illuminate\\Foundation\\PackageManifest->build()
#2 /Users/mcorucu/.gemini/antigravity/playground/solitary-viking/vendor/laravel/framework/src/Illuminate/Foundation/PackageManifest.php(91): Illuminate\\Foundation\\PackageManifest->getManifest()
#3 /Users/mcorucu/.gemini/antigravity/playground/solitary-viking/vendor/laravel/framework/src/Illuminate/Foundation/PackageManifest.php(80): Illuminate\\Foundation\\PackageManifest->config('aliases')
#4 /Users/mcorucu/.gemini/antigravity/playground/solitary-viking/vendor/laravel/framework/src/Illuminate/Foundation/Bootstrap/RegisterFacades.php(26): Illuminate\\Foundation\\PackageManifest->aliases()
#5 /Users/mcorucu/.gemini/antigravity/playground/solitary-viking/vendor/laravel/framework/src/Illuminate/Foundation/Application.php(342): Illuminate\\Foundation\\Bootstrap\\RegisterFacades->bootstrap(Object(Illuminate\\Foundation\\Application))
#6 /Users/mcorucu/.gemini/antigravity/playground/solitary-viking/vendor/laravel/framework/src/Illuminate/Foundation/Console/Kernel.php(474): Illuminate\\Foundation\\Application->bootstrapWith(Array)
#7 /Users/mcorucu/.gemini/antigravity/playground/solitary-viking/vendor/laravel/framework/src/Illuminate/Foundation/Console/Kernel.php(196): Illuminate\\Foundation\\Console\\Kernel->bootstrap()
#8 /Users/mcorucu/.gemini/antigravity/playground/solitary-viking/artisan(14): Illuminate\\Foundation\\Console\\Kernel->handle(Object(Symfony\\Component\\Console\\Input\\ArgvInput), Object(Symfony\\Component\\Console\\Output\\ConsoleOutput))
#9 {main}
"} 
[2026-03-08 02:44:32] local.ERROR: The /Users/mcorucu/.gemini/antigravity/playground/solitary-viking/bootstrap/cache directory must be present and writable. {"exception":"[object] (Exception(code: 0): The /Users/mcorucu/.gemini/antigravity/playground/solitary-viking/bootstrap/cache directory must be present and writable. at /Users/mcorucu/.gemini/antigravity/playground/solitary-viking/vendor/laravel/framework/src/Illuminate/Foundation/PackageManifest.php:179)
[stacktrace]
#0 /Users/mcorucu/.gemini/antigravity/playground/solitary-viking/vendor/laravel/framework/src/Illuminate/Foundation/PackageManifest.php(132): Illuminate\\Foundation\\PackageManifest->write(Array)
#1 /Users/mcorucu/.gemini/antigravity/playground/solitary-viking/vendor/laravel/framework/src/Illuminate/Foundation/PackageManifest.php(108): Illuminate\\Foundation\\PackageManifest->build()
#2 /Users/mcorucu/.gemini/antigravity/playground/solitary-viking/vendor/laravel/framework/src/Illuminate/Foundation/PackageManifest.php(91): Illuminate\\Foundation\\PackageManifest->getManifest()
#3 /Users/mcorucu/.gemini/antigravity/playground/solitary-viking/vendor/laravel/framework/src/Illuminate/Foundation/PackageManifest.php(80): Illuminate\\Foundation\\PackageManifest->config('aliases')
#4 /Users/mcorucu/.gemini/antigravity/playground/solitary-viking/vendor/laravel/framework/src/Illuminate/Foundation/Bootstrap/RegisterFacades.php(26): Illuminate\\Foundation\\PackageManifest->aliases()
#5 /Users/mcorucu/.gemini/antigravity/playground/solitary-viking/vendor/laravel/framework/src/Illuminate/Foundation/Application.php(342): Illuminate\\Foundation\\Bootstrap\\RegisterFacades->bootstrap(Object(Illuminate\\Foundation\\Application))
#6 /Users/mcorucu/.gemini/antigravity/playground/solitary-viking/vendor/laravel/framework/src/Illuminate/Foundation/Console/Kernel.php(474): Illuminate\\Foundation\\Application->bootstrapWith(Array)
#7 /Users/mcorucu/.gemini/antigravity/playground/solitary-viking/vendor/laravel/framework/src/Illuminate/Foundation/Console/Kernel.php(196): Illuminate\\Foundation\\Console\\Kernel->bootstrap()
#8 /Users/mcorucu/.gemini/antigravity/playground/solitary-viking/artisan(14): Illuminate\\Foundation\\Console\\Kernel->handle(Object(Symfony\\Component\\Console\\Input\\ArgvInput), Object(Symfony\\Component\\Console\\Output\\ConsoleOutput))
#9 {main}
"} 
[2026-03-08 02:45:41] local.ERROR: Class "App\Http\Controllers\Controller" not found {"exception":"[object] (Error(code: 0): Class \"App\\Http\\Controllers\\Controller\" not found at /Users/mcorucu/.gemini/antigravity/playground/solitary-viking/app/Http/Controllers/BlogController.php:9)
[stacktrace]
#0 /Users/mcorucu/.gemini/antigravity/playground/solitary-viking/vendor/composer/ClassLoader.php(576): include()
#1 /Users/mcorucu/.gemini/antigravity/playground/solitary-viking/vendor/composer/ClassLoader.php(427): {closure:Composer\\Autoload\\ClassLoader::initializeIncludeClosure():575}('/Users/mcorucu/...')
#2 [internal function]: Composer\\Autoload\\ClassLoader->loadClass('App\\\\Http\\\\Contro...')
#3 /Users/mcorucu/.gemini/antigravity/playground/solitary-viking/vendor/laravel/framework/src/Illuminate/Routing/Route.php(1117): is_a('App\\\\Http\\\\Contro...', 'Illuminate\\\\Rout...', true)
#4 /Users/mcorucu/.gemini/antigravity/playground/solitary-viking/vendor/laravel/framework/src/Illuminate/Routing/Route.php(1054): Illuminate\\Routing\\Route->controllerMiddleware()
#5 /Users/mcorucu/.gemini/antigravity/playground/solitary-viking/vendor/laravel/framework/src/Illuminate/Routing/Router.php(820): Illuminate\\Routing\\Route->gatherMiddleware()
#6 /Users/mcorucu/.gemini/antigravity/playground/solitary-viking/vendor/laravel/framework/src/Illuminate/Routing/Router.php(802): Illuminate\\Routing\\Router->gatherRouteMiddleware(Object(Illuminate\\Routing\\Route))
#7 /Users/mcorucu/.gemini/antigravity/playground/solitary-viking/vendor/laravel/framework/src/Illuminate/Routing/Router.php(786): Illuminate\\Routing\\Router->runRouteWithinStack(Object(Illuminate\\Routing\\Route), Object(Illuminate\\Http\\Request))
#8 /Users/mcorucu/.gemini/antigravity/playground/solitary-viking/vendor/laravel/framework/src/Illuminate/Routing/Router.php(750): Illuminate\\Routing\\Router->runRoute(Object(Illuminate\\Http\\Request), Object(Illuminate\\Routing\\Route))
#9 /Users/mcorucu/.gemini/antigravity/playground/solitary-viking/vendor/laravel/framework/src/Illuminate/Routing/Router.php(739): Illuminate\\Routing\\Router->dispatchToRoute(Object(Illuminate\\Http\\Request))
#10 /Users/mcorucu/.gemini/antigravity/playground/solitary-viking/vendor/laravel/framework/src/Illuminate/Foundation/Http/Kernel.php(201): Illuminate\\Routing\\Router->dispatch(Object(Illuminate\\Http\\Request))
#11 /Users/mcorucu/.gemini/antigravity/playground/solitary-viking/vendor/laravel/framework/src/Illuminate/Pipeline/Pipeline.php(170): Illuminate\\Foundation\\Http\\Kernel->{closure:Illuminate\\Foundation\\Http\\Kernel::dispatchToRouter():198}(Object(Illuminate\\Http\\Request))
#12 /Users/mcorucu/.gemini/antigravity/playground/solitary-viking/vendor/laravel/framework/src/Illuminate/Foundation/Http/Middleware/TransformsRequest.php(21): Illuminate\\Pipeline\\Pipeline->{closure:Illuminate\\Pipeline\\Pipeline::prepareDestination():168}(Object(Illuminate\\Http\\Request))
#13 /Users/mcorucu/.gemini/antigravity/playground/solitary-viking/vendor/laravel/framework/src/Illuminate/Foundation/Http/Middleware/ConvertEmptyStringsToNull.php(31): Illuminate\\Foundation\\Http\\Middleware\\TransformsRequest->handle(Object(Illuminate\\Http\\Request), Object(Closure))
#14 /Users/mcorucu/.gemini/antigravity/playground/solitary-viking/vendor/laravel/framework/src/Illuminate/Pipeline/Pipeline.php(209): Illuminate\\Foundation\\Http\\Middleware\\ConvertEmptyStringsToNull->handle(Object(Illuminate\\Http\\Request), Object(Closure))
#15 /Users/mcorucu/.gemini/antigravity/playground/solitary-viking/vendor/laravel/framework/src/Illuminate/Foundation/Http/Middleware/TransformsRequest.php(21): Illuminate\\Pipeline\\Pipeline->{closure:{closure:Illuminate\\Pipeline\\Pipeline::carry():184}:185}(Object(Illuminate\\Http\\Request))
#16 /Users/mcorucu/.gemini/antigravity/playground/solitary-viking/vendor/laravel/framework/src/Illuminate/Foundation/Http/Middleware/TrimStrings.php(51): Illuminate\\Foundation\\Http\\Middleware\\TransformsRequest->handle(Object(Illuminate\\Http\\Request), Object(Closure))
#17 /Users/mcorucu/.gemini/antigravity/playground/solitary-viking/vendor/laravel/framework/src/Illuminate/Pipeline/Pipeline.php(209): Illuminate\\Foundation\\Http\\Middleware\\TrimStrings->handle(Object(Illuminate\\Http\\Request), Object(Closure))
#18 /Users/mcorucu/.gemini/antigravity/playground/solitary-viking/vendor/laravel/framework/src/Illuminate/Http/Middleware/ValidatePostSize.php(27): Illuminate\\Pipeline\\Pipeline->{closure:{closure:Illuminate\\Pipeline\\Pipeline::carry():184}:185}(Object(Illuminate\\Http\\Request))
#19 /Users/mcorucu/.gemini/antigravity/playground/solitary-viking/vendor/laravel/framework/src/Illuminate/Pipeline/Pipeline.php(209): Illuminate\\Http\\Middleware\\ValidatePostSize->handle(Object(Illuminate\\Http\\Request), Object(Closure))
#20 /Users/mcorucu/.gemini/antigravity/playground/solitary-viking/vendor/laravel/framework/src/Illuminate/Foundation/Http/Middleware/PreventRequestsDuringMaintenance.php(110): Illuminate\\Pipeline\\Pipeline->{closure:{closure:Illuminate\\Pipeline\\Pipeline::carry():184}:185}(Object(Illuminate\\Http\\Request))
#21 /Users/mcorucu/.gemini/antigravity/playground/solitary-viking/vendor/laravel/framework/src/Illuminate/Pipeline/Pipeline.php(209): Illuminate\\Foundation\\Http\\Middleware\\PreventRequestsDuringMaintenance->handle(Object(Illuminate\\Http\\Request), Object(Closure))
#22 /Users/mcorucu/.gemini/antigravity/playground/solitary-viking/vendor/laravel/framework/src/Illuminate/Http/Middleware/HandleCors.php(49): Illuminate\\Pipeline\\Pipeline->{closure:{closure:Illuminate\\Pipeline\\Pipeline::carry():184}:185}(Object(Illuminate\\Http\\Request))
#23 /Users/mcorucu/.gemini/antigravity/playground/solitary-viking/vendor/laravel/framework/src/Illuminate/Pipeline/Pipeline.php(209): Illuminate\\Http\\Middleware\\HandleCors->handle(Object(Illuminate\\Http\\Request), Object(Closure))
#24 /Users/mcorucu/.gemini/antigravity/playground/solitary-viking/vendor/laravel/framework/src/Illuminate/Http/Middleware/TrustProxies.php(58): Illuminate\\Pipeline\\Pipeline->{closure:{closure:Illuminate\\Pipeline\\Pipeline::carry():184}:185}(Object(Illuminate\\Http\\Request))
#25 /Users/mcorucu/.gemini/antigravity/playground/solitary-viking/vendor/laravel/framework/src/Illuminate/Pipeline/Pipeline.php(209): Illuminate\\Http\\Middleware\\TrustProxies->handle(Object(Illuminate\\Http\\Request), Object(Closure))
#26 /Users/mcorucu/.gemini/antigravity/playground/solitary-viking/vendor/laravel/framework/src/Illuminate/Foundation/Http/Middleware/InvokeDeferredCallbacks.php(22): Illuminate\\Pipeline\\Pipeline->{closure:{closure:Illuminate\\Pipeline\\Pipeline::carry():184}:185}(Object(Illuminate\\Http\\Request))
#27 /Users/mcorucu/.gemini/antigravity/playground/solitary-viking/vendor/laravel/framework/src/Illuminate/Pipeline/Pipeline.php(209): Illuminate\\Foundation\\Http\\Middleware\\InvokeDeferredCallbacks->handle(Object(Illuminate\\Http\\Request), Object(Closure))
#28 /Users/mcorucu/.gemini/antigravity/playground/solitary-viking/vendor/laravel/framework/src/Illuminate/Pipeline/Pipeline.php(127): Illuminate\\Pipeline\\Pipeline->{closure:{closure:Illuminate\\Pipeline\\Pipeline::carry():184}:185}(Object(Illuminate\\Http\\Request))
#29 /Users/mcorucu/.gemini/antigravity/playground/solitary-viking/vendor/laravel/framework/src/Illuminate/Foundation/Http/Kernel.php(176): Illuminate\\Pipeline\\Pipeline->then(Object(Closure))
#30 /Users/mcorucu/.gemini/antigravity/playground/solitary-viking/vendor/laravel/framework/src/Illuminate/Foundation/Http/Kernel.php(145): Illuminate\\Foundation\\Http\\Kernel->sendRequestThroughRouter(Object(Illuminate\\Http\\Request))
#31 /Users/mcorucu/.gemini/antigravity/playground/solitary-viking/public/index.php(21): Illuminate\\Foundation\\Http\\Kernel->handle(Object(Illuminate\\Http\\Request))
#32 /Users/mcorucu/.gemini/antigravity/playground/solitary-viking/vendor/laravel/framework/src/Illuminate/Foundation/resources/server.php(23): require_once('/Users/mcorucu/...')
#33 {main}
"} 
[2026-03-08 02:46:47] local.ERROR: SQLSTATE[HY000]: General error: 1 no such table: sessions (Connection: sqlite, SQL: select * from "sessions" where "id" = fP2eRMy5XUcZvyy5l6U4Ym6gTGWnlFWJ9cs1TwNy limit 1) {"exception":"[object] (Illuminate\\Database\\QueryException(code: HY000): SQLSTATE[HY000]: General error: 1 no such table: sessions (Connection: sqlite, SQL: select * from \"sessions\" where \"id\" = fP2eRMy5XUcZvyy5l6U4Ym6gTGWnlFWJ9cs1TwNy limit 1) at /Users/mcorucu/.gemini/antigravity/playground/solitary-viking/vendor/laravel/framework/src/Illuminate/Database/Connection.php:825)
[stacktrace]
#0 /Users/mcorucu/.gemini/antigravity/playground/solitary-viking/vendor/laravel/framework/src/Illuminate/Database/Connection.php(779): Illuminate\\Database\\Connection->runQueryCallback('select * from \"...', Array, Object(Closure))
#1 /Users/mcorucu/.gemini/antigravity/playground/solitary-viking/vendor/laravel/framework/src/Illuminate/Database/Connection.php(398): Illuminate\\Database\\Connection->run('select * from \"...', Array, Object(Closure))
#2 /Users/mcorucu/.gemini/antigravity/playground/solitary-viking/vendor/laravel/framework/src/Illuminate/Database/Query/Builder.php(3106): Illuminate\\Database\\Connection->select('select * from \"...', Array, false)
#3 /Users/mcorucu/.gemini/antigravity/playground/solitary-viking/vendor/laravel/framework/src/Illuminate/Database/Query/Builder.php(3091): Illuminate\\Database\\Query\\Builder->runSelect()
#4 /Users/mcorucu/.gemini/antigravity/playground/solitary-viking/vendor/laravel/framework/src/Illuminate/Database/Query/Builder.php(3676): Illuminate\\Database\\Query\\Builder->{closure:Illuminate\\Database\\Query\\Builder::get():3090}()
#5 /Users/mcorucu/.gemini/antigravity/playground/solitary-viking/vendor/laravel/framework/src/Illuminate/Database/Query/Builder.php(3090): Illuminate\\Database\\Query\\Builder->onceWithColumns(Array, Object(Closure))
#6 /Users/mcorucu/.gemini/antigravity/playground/solitary-viking/vendor/laravel/framework/src/Illuminate/Database/Concerns/BuildsQueries.php(343): Illuminate\\Database\\Query\\Builder->get(Array)
#7 /Users/mcorucu/.gemini/antigravity/playground/solitary-viking/vendor/laravel/framework/src/Illuminate/Database/Query/Builder.php(3013): Illuminate\\Database\\Query\\Builder->first(Array)
#8 /Users/mcorucu/.gemini/antigravity/playground/solitary-viking/vendor/laravel/framework/src/Illuminate/Session/DatabaseSessionHandler.php(97): Illuminate\\Database\\Query\\Builder->find('fP2eRMy5XUcZvyy...')
#9 /Users/mcorucu/.gemini/antigravity/playground/solitary-viking/vendor/laravel/framework/src/Illuminate/Session/Store.php(117): Illuminate\\Session\\DatabaseSessionHandler->read('fP2eRMy5XUcZvyy...')
#10 /Users/mcorucu/.gemini/antigravity/playground/solitary-viking/vendor/laravel/framework/src/Illuminate/Session/Store.php(105): Illuminate\\Session\\Store->readFromHandler()
#11 /Users/mcorucu/.gemini/antigravity/playground/solitary-viking/vendor/laravel/framework/src/Illuminate/Session/Store.php(89): Illuminate\\Session\\Store->loadSession()
#12 /Users/mcorucu/.gemini/antigravity/playground/solitary-viking/vendor/laravel/framework/src/Illuminate/Session/Middleware/StartSession.php(147): Illuminate\\Session\\Store->start()
#13 /Users/mcorucu/.gemini/antigravity/playground/solitary-viking/vendor/laravel/framework/src/Illuminate/Support/helpers.php(399): Illuminate\\Session\\Middleware\\StartSession->{closure:Illuminate\\Session\\Middleware\\StartSession::startSession():144}(Object(Illuminate\\Session\\Store))
#14 /Users/mcorucu/.gemini/antigravity/playground/solitary-viking/vendor/laravel/framework/src/Illuminate/Session/Middleware/StartSession.php(144): tap(Object(Illuminate\\Session\\Store), Object(Closure))
#15 /Users/mcorucu/.gemini/antigravity/playground/solitary-viking/vendor/laravel/framework/src/Illuminate/Session/Middleware/StartSession.php(116): Illuminate\\Session\\Middleware\\StartSession->startSession(Object(Illuminate\\Http\\Request), Object(Illuminate\\Session\\Store))
#16 /Users/mcorucu/.gemini/antigravity/playground/solitary-viking/vendor/laravel/framework/src/Illuminate/Session/Middleware/StartSession.php(64): Illuminate\\Session\\Middleware\\StartSession->handleStatefulRequest(Object(Illuminate\\Http\\Request), Object(Illuminate\\Session\\Store), Object(Closure))
#17 /Users/mcorucu/.gemini/antigravity/playground/solitary-viking/vendor/laravel/framework/src/Illuminate/Pipeline/Pipeline.php(209): Illuminate\\Session\\Middleware\\StartSession->handle(Object(Illuminate\\Http\\Request), Object(Closure))
#18 /Users/mcorucu/.gemini/antigravity/playground/solitary-viking/vendor/laravel/framework/src/Illuminate/Cookie/Middleware/AddQueuedCookiesToResponse.php(37): Illuminate\\Pipeline\\Pipeline->{closure:{closure:Illuminate\\Pipeline\\Pipeline::carry():184}:185}(Object(Illuminate\\Http\\Request))
#19 /Users/mcorucu/.gemini/antigravity/playground/solitary-viking/vendor/laravel/framework/src/Illuminate/Pipeline/Pipeline.php(209): Illuminate\\Cookie\\Middleware\\AddQueuedCookiesToResponse->handle(Object(Illuminate\\Http\\Request), Object(Closure))
#20 /Users/mcorucu/.gemini/antigravity/playground/solitary-viking/vendor/laravel/framework/src/Illuminate/Cookie/Middleware/EncryptCookies.php(75): Illuminate\\Pipeline\\Pipeline->{closure:{closure:Illuminate\\Pipeline\\Pipeline::carry():184}:185}(Object(Illuminate\\Http\\Request))
#21 /Users/mcorucu/.gemini/antigravity/playground/solitary-viking/vendor/laravel/framework/src/Illuminate/Pipeline/Pipeline.php(209): Illuminate\\Cookie\\Middleware\\EncryptCookies->handle(Object(Illuminate\\Http\\Request), Object(Closure))
#22 /Users/mcorucu/.gemini/antigravity/playground/solitary-viking/vendor/laravel/framework/src/Illuminate/Pipeline/Pipeline.php(127): Illuminate\\Pipeline\\Pipeline->{closure:{closure:Illuminate\\Pipeline\\Pipeline::carry():184}:185}(Object(Illuminate\\Http\\Request))
#23 /Users/mcorucu/.gemini/antigravity/playground/solitary-viking/vendor/laravel/framework/src/Illuminate/Routing/Router.php(807): Illuminate\\Pipeline\\Pipeline->then(Object(Closure))
#24 /Users/mcorucu/.gemini/antigravity/playground/solitary-viking/vendor/laravel/framework/src/Illuminate/Routing/Router.php(786): Illuminate\\Routing\\Router->runRouteWithinStack(Object(Illuminate\\Routing\\Route), Object(Illuminate\\Http\\Request))
#25 /Users/mcorucu/.gemini/antigravity/playground/solitary-viking/vendor/laravel/framework/src/Illuminate/Routing/Router.php(750): Illuminate\\Routing\\Router->runRoute(Object(Illuminate\\Http\\Request), Object(Illuminate\\Routing\\Route))
#26 /Users/mcorucu/.gemini/antigravity/playground/solitary-viking/vendor/laravel/framework/src/Illuminate/Routing/Router.php(739): Illuminate\\Routing\\Router->dispatchToRoute(Object(Illuminate\\Http\\Request))
#27 /Users/mcorucu/.gemini/antigravity/playground/solitary-viking/vendor/laravel/framework/src/Illuminate/Foundation/Http/Kernel.php(201): Illuminate\\Routing\\Router->dispatch(Object(Illuminate\\Http\\Request))
#28 /Users/mcorucu/.gemini/antigravity/playground/solitary-viking/vendor/laravel/framework/src/Illuminate/Pipeline/Pipeline.php(170): Illuminate\\Foundation\\Http\\Kernel->{closure:Illuminate\\Foundation\\Http\\Kernel::dispatchToRouter():198}(Object(Illuminate\\Http\\Request))
#29 /Users/mcorucu/.gemini/antigravity/playground/solitary-viking/vendor/laravel/framework/src/Illuminate/Foundation/Http/Middleware/TransformsRequest.php(21): Illuminate\\Pipeline\\Pipeline->{closure:Illuminate\\Pipeline\\Pipeline::prepareDestination():168}(Object(Illuminate\\Http\\Request))
#30 /Users/mcorucu/.gemini/antigravity/playground/solitary-viking/vendor/laravel/framework/src/Illuminate/Foundation/Http/Middleware/ConvertEmptyStringsToNull.php(31): Illuminate\\Foundation\\Http\\Middleware\\TransformsRequest->handle(Object(Illuminate\\Http\\Request), Object(Closure))
#31 /Users/mcorucu/.gemini/antigravity/playground/solitary-viking/vendor/laravel/framework/src/Illuminate/Pipeline/Pipeline.php(209): Illuminate\\Foundation\\Http\\Middleware\\ConvertEmptyStringsToNull->handle(Object(Illuminate\\Http\\Request), Object(Closure))
#32 /Users/mcorucu/.gemini/antigravity/playground/solitary-viking/vendor/laravel/framework/src/Illuminate/Foundation/Http/Middleware/TransformsRequest.php(21): Illuminate\\Pipeline\\Pipeline->{closure:{closure:Illuminate\\Pipeline\\Pipeline::carry():184}:185}(Object(Illuminate\\Http\\Request))
#33 /Users/mcorucu/.gemini/antigravity/playground/solitary-viking/vendor/laravel/framework/src/Illuminate/Foundation/Http/Middleware/TrimStrings.php(51): Illuminate\\Foundation\\Http\\Middleware\\TransformsRequest->handle(Object(Illuminate\\Http\\Request), Object(Closure))
#34 /Users/mcorucu/.gemini/antigravity/playground/solitary-viking/vendor/laravel/framework/src/Illuminate/Pipeline/Pipeline.php(209): Illuminate\\Foundation\\Http\\Middleware\\TrimStrings->handle(Object(Illuminate\\Http\\Request), Object(Closure))
#35 /Users/mcorucu/.gemini/antigravity/playground/solitary-viking/vendor/laravel/framework/src/Illuminate/Http/Middleware/ValidatePostSize.php(27): Illuminate\\Pipeline\\Pipeline->{closure:{closure:Illuminate\\Pipeline\\Pipeline::carry():184}:185}(Object(Illuminate\\Http\\Request))
#36 /Users/mcorucu/.gemini/antigravity/playground/solitary-viking/vendor/laravel/framework/src/Illuminate/Pipeline/Pipeline.php(209): Illuminate\\Http\\Middleware\\ValidatePostSize->handle(Object(Illuminate\\Http\\Request), Object(Closure))
#37 /Users/mcorucu/.gemini/antigravity/playground/solitary-viking/vendor/laravel/framework/src/Illuminate/Foundation/Http/Middleware/PreventRequestsDuringMaintenance.php(110): Illuminate\\Pipeline\\Pipeline->{closure:{closure:Illuminate\\Pipeline\\Pipeline::carry():184}:185}(Object(Illuminate\\Http\\Request))
#38 /Users/mcorucu/.gemini/antigravity/playground/solitary-viking/vendor/laravel/framework/src/Illuminate/Pipeline/Pipeline.php(209): Illuminate\\Foundation\\Http\\Middleware\\PreventRequestsDuringMaintenance->handle(Object(Illuminate\\Http\\Request), Object(Closure))
#39 /Users/mcorucu/.gemini/antigravity/playground/solitary-viking/vendor/laravel/framework/src/Illuminate/Http/Middleware/HandleCors.php(49): Illuminate\\Pipeline\\Pipeline->{closure:{closure:Illuminate\\Pipeline\\Pipeline::carry():184}:185}(Object(Illuminate\\Http\\Request))
#40 /Users/mcorucu/.gemini/antigravity/playground/solitary-viking/vendor/laravel/framework/src/Illuminate/Pipeline/Pipeline.php(209): Illuminate\\Http\\Middleware\\HandleCors->handle(Object(Illuminate\\Http\\Request), Object(Closure))
#41 /Users/mcorucu/.gemini/antigravity/playground/solitary-viking/vendor/laravel/framework/src/Illuminate/Http/Middleware/TrustProxies.php(58): Illuminate\\Pipeline\\Pipeline->{closure:{closure:Illuminate\\Pipeline\\Pipeline::carry():184}:185}(Object(Illuminate\\Http\\Request))
#42 /Users/mcorucu/.gemini/antigravity/playground/solitary-viking/vendor/laravel/framework/src/Illuminate/Pipeline/Pipeline.php(209): Illuminate\\Http\\Middleware\\TrustProxies->handle(Object(Illuminate\\Http\\Request), Object(Closure))
#43 /Users/mcorucu/.gemini/antigravity/playground/solitary-viking/vendor/laravel/framework/src/Illuminate/Foundation/Http/Middleware/InvokeDeferredCallbacks.php(22): Illuminate\\Pipeline\\Pipeline->{closure:{closure:Illuminate\\Pipeline\\Pipeline::carry():184}:185}(Object(Illuminate\\Http\\Request))
#44 /Users/mcorucu/.gemini/antigravity/playground/solitary-viking/vendor/laravel/framework/src/Illuminate/Pipeline/Pipeline.php(209): Illuminate\\Foundation\\Http\\Middleware\\InvokeDeferredCallbacks->handle(Object(Illuminate\\Http\\Request), Object(Closure))
#45 /Users/mcorucu/.gemini/antigravity/playground/solitary-viking/vendor/laravel/framework/src/Illuminate/Pipeline/Pipeline.php(127): Illuminate\\Pipeline\\Pipeline->{closure:{closure:Illuminate\\Pipeline\\Pipeline::carry():184}:185}(Object(Illuminate\\Http\\Request))
#46 /Users/mcorucu/.gemini/antigravity/playground/solitary-viking/vendor/laravel/framework/src/Illuminate/Foundation/Http/Kernel.php(176): Illuminate\\Pipeline\\Pipeline->then(Object(Closure))
#47 /Users/mcorucu/.gemini/antigravity/playground/solitary-viking/vendor/laravel/framework/src/Illuminate/Foundation/Http/Kernel.php(145): Illuminate\\Foundation\\Http\\Kernel->sendRequestThroughRouter(Object(Illuminate\\Http\\Request))
#48 /Users/mcorucu/.gemini/antigravity/playground/solitary-viking/public/index.php(21): Illuminate\\Foundation\\Http\\Kernel->handle(Object(Illuminate\\Http\\Request))
#49 /Users/mcorucu/.gemini/antigravity/playground/solitary-viking/vendor/laravel/framework/src/Illuminate/Foundation/resources/server.php(23): require_once('/Users/mcorucu/...')
#50 {main}

[previous exception] [object] (PDOException(code: HY000): SQLSTATE[HY000]: General error: 1 no such table: sessions at /Users/mcorucu/.gemini/antigravity/playground/solitary-viking/vendor/laravel/framework/src/Illuminate/Database/Connection.php:407)
[stacktrace]
#0 /Users/mcorucu/.gemini/antigravity/playground/solitary-viking/vendor/laravel/framework/src/Illuminate/Database/Connection.php(407): PDO->prepare('select * from \"...')
#1 /Users/mcorucu/.gemini/antigravity/playground/solitary-viking/vendor/laravel/framework/src/Illuminate/Database/Connection.php(812): Illuminate\\Database\\Connection->{closure:Illuminate\\Database\\Connection::select():398}('select * from \"...', Array)
#2 /Users/mcorucu/.gemini/antigravity/playground/solitary-viking/vendor/laravel/framework/src/Illuminate/Database/Connection.php(779): Illuminate\\Database\\Connection->runQueryCallback('select * from \"...', Array, Object(Closure))
#3 /Users/mcorucu/.gemini/antigravity/playground/solitary-viking/vendor/laravel/framework/src/Illuminate/Database/Connection.php(398): Illuminate\\Database\\Connection->run('select * from \"...', Array, Object(Closure))
#4 /Users/mcorucu/.gemini/antigravity/playground/solitary-viking/vendor/laravel/framework/src/Illuminate/Database/Query/Builder.php(3106): Illuminate\\Database\\Connection->select('select * from \"...', Array, false)
#5 /Users/mcorucu/.gemini/antigravity/playground/solitary-viking/vendor/laravel/framework/src/Illuminate/Database/Query/Builder.php(3091): Illuminate\\Database\\Query\\Builder->runSelect()
#6 /Users/mcorucu/.gemini/antigravity/playground/solitary-viking/vendor/laravel/framework/src/Illuminate/Database/Query/Builder.php(3676): Illuminate\\Database\\Query\\Builder->{closure:Illuminate\\Database\\Query\\Builder::get():3090}()
#7 /Users/mcorucu/.gemini/antigravity/playground/solitary-viking/vendor/laravel/framework/src/Illuminate/Database/Query/Builder.php(3090): Illuminate\\Database\\Query\\Builder->onceWithColumns(Array, Object(Closure))
#8 /Users/mcorucu/.gemini/antigravity/playground/solitary-viking/vendor/laravel/framework/src/Illuminate/Database/Concerns/BuildsQueries.php(343): Illuminate\\Database\\Query\\Builder->get(Array)
#9 /Users/mcorucu/.gemini/antigravity/playground/solitary-viking/vendor/laravel/framework/src/Illuminate/Database/Query/Builder.php(3013): Illuminate\\Database\\Query\\Builder->first(Array)
#10 /Users/mcorucu/.gemini/antigravity/playground/solitary-viking/vendor/laravel/framework/src/Illuminate/Session/DatabaseSessionHandler.php(97): Illuminate\\Database\\Query\\Builder->find('fP2eRMy5XUcZvyy...')
#11 /Users/mcorucu/.gemini/antigravity/playground/solitary-viking/vendor/laravel/framework/src/Illuminate/Session/Store.php(117): Illuminate\\Session\\DatabaseSessionHandler->read('fP2eRMy5XUcZvyy...')
#12 /Users/mcorucu/.gemini/antigravity/playground/solitary-viking/vendor/laravel/framework/src/Illuminate/Session/Store.php(105): Illuminate\\Session\\Store->readFromHandler()
#13 /Users/mcorucu/.gemini/antigravity/playground/solitary-viking/vendor/laravel/framework/src/Illuminate/Session/Store.php(89): Illuminate\\Session\\Store->loadSession()
#14 /Users/mcorucu/.gemini/antigravity/playground/solitary-viking/vendor/laravel/framework/src/Illuminate/Session/Middleware/StartSession.php(147): Illuminate\\Session\\Store->start()
#15 /Users/mcorucu/.gemini/antigravity/playground/solitary-viking/vendor/laravel/framework/src/Illuminate/Support/helpers.php(399): Illuminate\\Session\\Middleware\\StartSession->{closure:Illuminate\\Session\\Middleware\\StartSession::startSession():144}(Object(Illuminate\\Session\\Store))
#16 /Users/mcorucu/.gemini/antigravity/playground/solitary-viking/vendor/laravel/framework/src/Illuminate/Session/Middleware/StartSession.php(144): tap(Object(Illuminate\\Session\\Store), Object(Closure))
#17 /Users/mcorucu/.gemini/antigravity/playground/solitary-viking/vendor/laravel/framework/src/Illuminate/Session/Middleware/StartSession.php(116): Illuminate\\Session\\Middleware\\StartSession->startSession(Object(Illuminate\\Http\\Request), Object(Illuminate\\Session\\Store))
#18 /Users/mcorucu/.gemini/antigravity/playground/solitary-viking/vendor/laravel/framework/src/Illuminate/Session/Middleware/StartSession.php(64): Illuminate\\Session\\Middleware\\StartSession->handleStatefulRequest(Object(Illuminate\\Http\\Request), Object(Illuminate\\Session\\Store), Object(Closure))
#19 /Users/mcorucu/.gemini/antigravity/playground/solitary-viking/vendor/laravel/framework/src/Illuminate/Pipeline/Pipeline.php(209): Illuminate\\Session\\Middleware\\StartSession->handle(Object(Illuminate\\Http\\Request), Object(Closure))
#20 /Users/mcorucu/.gemini/antigravity/playground/solitary-viking/vendor/laravel/framework/src/Illuminate/Cookie/Middleware/AddQueuedCookiesToResponse.php(37): Illuminate\\Pipeline\\Pipeline->{closure:{closure:Illuminate\\Pipeline\\Pipeline::carry():184}:185}(Object(Illuminate\\Http\\Request))
#21 /Users/mcorucu/.gemini/antigravity/playground/solitary-viking/vendor/laravel/framework/src/Illuminate/Pipeline/Pipeline.php(209): Illuminate\\Cookie\\Middleware\\AddQueuedCookiesToResponse->handle(Object(Illuminate\\Http\\Request), Object(Closure))
#22 /Users/mcorucu/.gemini/antigravity/playground/solitary-viking/vendor/laravel/framework/src/Illuminate/Cookie/Middleware/EncryptCookies.php(75): Illuminate\\Pipeline\\Pipeline->{closure:{closure:Illuminate\\Pipeline\\Pipeline::carry():184}:185}(Object(Illuminate\\Http\\Request))
#23 /Users/mcorucu/.gemini/antigravity/playground/solitary-viking/vendor/laravel/framework/src/Illuminate/Pipeline/Pipeline.php(209): Illuminate\\Cookie\\Middleware\\EncryptCookies->handle(Object(Illuminate\\Http\\Request), Object(Closure))
#24 /Users/mcorucu/.gemini/antigravity/playground/solitary-viking/vendor/laravel/framework/src/Illuminate/Pipeline/Pipeline.php(127): Illuminate\\Pipeline\\Pipeline->{closure:{closure:Illuminate\\Pipeline\\Pipeline::carry():184}:185}(Object(Illuminate\\Http\\Request))
#25 /Users/mcorucu/.gemini/antigravity/playground/solitary-viking/vendor/laravel/framework/src/Illuminate/Routing/Router.php(807): Illuminate\\Pipeline\\Pipeline->then(Object(Closure))
#26 /Users/mcorucu/.gemini/antigravity/playground/solitary-viking/vendor/laravel/framework/src/Illuminate/Routing/Router.php(786): Illuminate\\Routing\\Router->runRouteWithinStack(Object(Illuminate\\Routing\\Route), Object(Illuminate\\Http\\Request))
#27 /Users/mcorucu/.gemini/antigravity/playground/solitary-viking/vendor/laravel/framework/src/Illuminate/Routing/Router.php(750): Illuminate\\Routing\\Router->runRoute(Object(Illuminate\\Http\\Request), Object(Illuminate\\Routing\\Route))
#28 /Users/mcorucu/.gemini/antigravity/playground/solitary-viking/vendor/laravel/framework/src/Illuminate/Routing/Router.php(739): Illuminate\\Routing\\Router->dispatchToRoute(Object(Illuminate\\Http\\Request))
#29 /Users/mcorucu/.gemini/antigravity/playground/solitary-viking/vendor/laravel/framework/src/Illuminate/Foundation/Http/Kernel.php(201): Illuminate\\Routing\\Router->dispatch(Object(Illuminate\\Http\\Request))
#30 /Users/mcorucu/.gemini/antigravity/playground/solitary-viking/vendor/laravel/framework/src/Illuminate/Pipeline/Pipeline.php(170): Illuminate\\Foundation\\Http\\Kernel->{closure:Illuminate\\Foundation\\Http\\Kernel::dispatchToRouter():198}(Object(Illuminate\\Http\\Request))
#31 /Users/mcorucu/.gemini/antigravity/playground/solitary-viking/vendor/laravel/framework/src/Illuminate/Foundation/Http/Middleware/TransformsRequest.php(21): Illuminate\\Pipeline\\Pipeline->{closure:Illuminate\\Pipeline\\Pipeline::prepareDestination():168}(Object(Illuminate\\Http\\Request))
#32 /Users/mcorucu/.gemini/antigravity/playground/solitary-viking/vendor/laravel/framework/src/Illuminate/Foundation/Http/Middleware/ConvertEmptyStringsToNull.php(31): Illuminate\\Foundation\\Http\\Middleware\\TransformsRequest->handle(Object(Illuminate\\Http\\Request), Object(Closure))
#33 /Users/mcorucu/.gemini/antigravity/playground/solitary-viking/vendor/laravel/framework/src/Illuminate/Pipeline/Pipeline.php(209): Illuminate\\Foundation\\Http\\Middleware\\ConvertEmptyStringsToNull->handle(Object(Illuminate\\Http\\Request), Object(Closure))
#34 /Users/mcorucu/.gemini/antigravity/playground/solitary-viking/vendor/laravel/framework/src/Illuminate/Foundation/Http/Middleware/TransformsRequest.php(21): Illuminate\\Pipeline\\Pipeline->{closure:{closure:Illuminate\\Pipeline\\Pipeline::carry():184}:185}(Object(Illuminate\\Http\\Request))
#35 /Users/mcorucu/.gemini/antigravity/playground/solitary-viking/vendor/laravel/framework/src/Illuminate/Foundation/Http/Middleware/TrimStrings.php(51): Illuminate\\Foundation\\Http\\Middleware\\TransformsRequest->handle(Object(Illuminate\\Http\\Request), Object(Closure))
#36 /Users/mcorucu/.gemini/antigravity/playground/solitary-viking/vendor/laravel/framework/src/Illuminate/Pipeline/Pipeline.php(209): Illuminate\\Foundation\\Http\\Middleware\\TrimStrings->handle(Object(Illuminate\\Http\\Request), Object(Closure))
#37 /Users/mcorucu/.gemini/antigravity/playground/solitary-viking/vendor/laravel/framework/src/Illuminate/Http/Middleware/ValidatePostSize.php(27): Illuminate\\Pipeline\\Pipeline->{closure:{closure:Illuminate\\Pipeline\\Pipeline::carry():184}:185}(Object(Illuminate\\Http\\Request))
#38 /Users/mcorucu/.gemini/antigravity/playground/solitary-viking/vendor/laravel/framework/src/Illuminate/Pipeline/Pipeline.php(209): Illuminate\\Http\\Middleware\\ValidatePostSize->handle(Object(Illuminate\\Http\\Request), Object(Closure))
#39 /Users/mcorucu/.gemini/antigravity/playground/solitary-viking/vendor/laravel/framework/src/Illuminate/Foundation/Http/Middleware/PreventRequestsDuringMaintenance.php(110): Illuminate\\Pipeline\\Pipeline->{closure:{closure:Illuminate\\Pipeline\\Pipeline::carry():184}:185}(Object(Illuminate\\Http\\Request))
#40 /Users/mcorucu/.gemini/antigravity/playground/solitary-viking/vendor/laravel/framework/src/Illuminate/Pipeline/Pipeline.php(209): Illuminate\\Foundation\\Http\\Middleware\\PreventRequestsDuringMaintenance->handle(Object(Illuminate\\Http\\Request), Object(Closure))
#41 /Users/mcorucu/.gemini/antigravity/playground/solitary-viking/vendor/laravel/framework/src/Illuminate/Http/Middleware/HandleCors.php(49): Illuminate\\Pipeline\\Pipeline->{closure:{closure:Illuminate\\Pipeline\\Pipeline::carry():184}:185}(Object(Illuminate\\Http\\Request))
#42 /Users/mcorucu/.gemini/antigravity/playground/solitary-viking/vendor/laravel/framework/src/Illuminate/Pipeline/Pipeline.php(209): Illuminate\\Http\\Middleware\\HandleCors->handle(Object(Illuminate\\Http\\Request), Object(Closure))
#43 /Users/mcorucu/.gemini/antigravity/playground/solitary-viking/vendor/laravel/framework/src/Illuminate/Http/Middleware/TrustProxies.php(58): Illuminate\\Pipeline\\Pipeline->{closure:{closure:Illuminate\\Pipeline\\Pipeline::carry():184}:185}(Object(Illuminate\\Http\\Request))
#44 /Users/mcorucu/.gemini/antigravity/playground/solitary-viking/vendor/laravel/framework/src/Illuminate/Pipeline/Pipeline.php(209): Illuminate\\Http\\Middleware\\TrustProxies->handle(Object(Illuminate\\Http\\Request), Object(Closure))
#45 /Users/mcorucu/.gemini/antigravity/playground/solitary-viking/vendor/laravel/framework/src/Illuminate/Foundation/Http/Middleware/InvokeDeferredCallbacks.php(22): Illuminate\\Pipeline\\Pipeline->{closure:{closure:Illuminate\\Pipeline\\Pipeline::carry():184}:185}(Object(Illuminate\\Http\\Request))
#46 /Users/mcorucu/.gemini/antigravity/playground/solitary-viking/vendor/laravel/framework/src/Illuminate/Pipeline/Pipeline.php(209): Illuminate\\Foundation\\Http\\Middleware\\InvokeDeferredCallbacks->handle(Object(Illuminate\\Http\\Request), Object(Closure))
#47 /Users/mcorucu/.gemini/antigravity/playground/solitary-viking/vendor/laravel/framework/src/Illuminate/Pipeline/Pipeline.php(127): Illuminate\\Pipeline\\Pipeline->{closure:{closure:Illuminate\\Pipeline\\Pipeline::carry():184}:185}(Object(Illuminate\\Http\\Request))
#48 /Users/mcorucu/.gemini/antigravity/playground/solitary-viking/vendor/laravel/framework/src/Illuminate/Foundation/Http/Kernel.php(176): Illuminate\\Pipeline\\Pipeline->then(Object(Closure))
#49 /Users/mcorucu/.gemini/antigravity/playground/solitary-viking/vendor/laravel/framework/src/Illuminate/Foundation/Http/Kernel.php(145): Illuminate\\Foundation\\Http\\Kernel->sendRequestThroughRouter(Object(Illuminate\\Http\\Request))
#50 /Users/mcorucu/.gemini/antigravity/playground/solitary-viking/public/index.php(21): Illuminate\\Foundation\\Http\\Kernel->handle(Object(Illuminate\\Http\\Request))
#51 /Users/mcorucu/.gemini/antigravity/playground/solitary-viking/vendor/laravel/framework/src/Illuminate/Foundation/resources/server.php(23): require_once('/Users/mcorucu/...')
#52 {main}
"} 
[2026-03-08 02:57:09] local.ERROR: file_get_contents(/Users/mcorucu/.gemini/antigravity/playground/solitary-viking/config/app.php): Failed to open stream: No such file or directory {"exception":"[object] (ErrorException(code: 0): file_get_contents(/Users/mcorucu/.gemini/antigravity/playground/solitary-viking/config/app.php): Failed to open stream: No such file or directory at /Users/mcorucu/.gemini/antigravity/playground/solitary-viking/vendor/filament/support/src/Commands/Concerns/CanGeneratePanels.php:69)
[stacktrace]
#0 /Users/mcorucu/.gemini/antigravity/playground/solitary-viking/vendor/laravel/framework/src/Illuminate/Foundation/Bootstrap/HandleExceptions.php(258): Illuminate\\Foundation\\Bootstrap\\HandleExceptions->handleError(2, 'file_get_conten...', '/Users/mcorucu/...', 69)
#1 [internal function]: Illuminate\\Foundation\\Bootstrap\\HandleExceptions->{closure:Illuminate\\Foundation\\Bootstrap\\HandleExceptions::forwardsTo():257}(2, 'file_get_conten...', '/Users/mcorucu/...', 69)
#2 /Users/mcorucu/.gemini/antigravity/playground/solitary-viking/vendor/filament/support/src/Commands/Concerns/CanGeneratePanels.php(69): file_get_contents('/Users/mcorucu/...')
#3 /Users/mcorucu/.gemini/antigravity/playground/solitary-viking/vendor/filament/support/src/Commands/InstallCommand.php(78): Filament\\Support\\Commands\\InstallCommand->generatePanel('admin', 'admin', '', false)
#4 /Users/mcorucu/.gemini/antigravity/playground/solitary-viking/vendor/filament/support/src/Commands/InstallCommand.php(28): Filament\\Support\\Commands\\InstallCommand->installAdminPanel()
#5 /Users/mcorucu/.gemini/antigravity/playground/solitary-viking/vendor/laravel/framework/src/Illuminate/Container/BoundMethod.php(36): Filament\\Support\\Commands\\InstallCommand->__invoke()
#6 /Users/mcorucu/.gemini/antigravity/playground/solitary-viking/vendor/laravel/framework/src/Illuminate/Container/Util.php(43): Illuminate\\Container\\BoundMethod::{closure:Illuminate\\Container\\BoundMethod::call():35}()
#7 /Users/mcorucu/.gemini/antigravity/playground/solitary-viking/vendor/laravel/framework/src/Illuminate/Container/BoundMethod.php(95): Illuminate\\Container\\Util::unwrapIfClosure(Object(Closure))
#8 /Users/mcorucu/.gemini/antigravity/playground/solitary-viking/vendor/laravel/framework/src/Illuminate/Container/BoundMethod.php(35): Illuminate\\Container\\BoundMethod::callBoundMethod(Object(Illuminate\\Foundation\\Application), Array, Object(Closure))
#9 /Users/mcorucu/.gemini/antigravity/playground/solitary-viking/vendor/laravel/framework/src/Illuminate/Container/Container.php(696): Illuminate\\Container\\BoundMethod::call(Object(Illuminate\\Foundation\\Application), Array, Array, NULL)
#10 /Users/mcorucu/.gemini/antigravity/playground/solitary-viking/vendor/laravel/framework/src/Illuminate/Console/Command.php(213): Illuminate\\Container\\Container->call(Array)
#11 /Users/mcorucu/.gemini/antigravity/playground/solitary-viking/vendor/symfony/console/Command/Command.php(341): Illuminate\\Console\\Command->execute(Object(Symfony\\Component\\Console\\Input\\ArgvInput), Object(Illuminate\\Console\\OutputStyle))
#12 /Users/mcorucu/.gemini/antigravity/playground/solitary-viking/vendor/laravel/framework/src/Illuminate/Console/Command.php(182): Symfony\\Component\\Console\\Command\\Command->run(Object(Symfony\\Component\\Console\\Input\\ArgvInput), Object(Illuminate\\Console\\OutputStyle))
#13 /Users/mcorucu/.gemini/antigravity/playground/solitary-viking/vendor/symfony/console/Application.php(1117): Illuminate\\Console\\Command->run(Object(Symfony\\Component\\Console\\Input\\ArgvInput), Object(Symfony\\Component\\Console\\Output\\ConsoleOutput))
#14 /Users/mcorucu/.gemini/antigravity/playground/solitary-viking/vendor/symfony/console/Application.php(356): Symfony\\Component\\Console\\Application->doRunCommand(Object(Filament\\Support\\Commands\\InstallCommand), Object(Symfony\\Component\\Console\\Input\\ArgvInput), Object(Symfony\\Component\\Console\\Output\\ConsoleOutput))
#15 /Users/mcorucu/.gemini/antigravity/playground/solitary-viking/vendor/symfony/console/Application.php(195): Symfony\\Component\\Console\\Application->doRun(Object(Symfony\\Component\\Console\\Input\\ArgvInput), Object(Symfony\\Component\\Console\\Output\\ConsoleOutput))
#16 /Users/mcorucu/.gemini/antigravity/playground/solitary-viking/vendor/laravel/framework/src/Illuminate/Foundation/Console/Kernel.php(198): Symfony\\Component\\Console\\Application->run(Object(Symfony\\Component\\Console\\Input\\ArgvInput), Object(Symfony\\Component\\Console\\Output\\ConsoleOutput))
#17 /Users/mcorucu/.gemini/antigravity/playground/solitary-viking/artisan(17): Illuminate\\Foundation\\Console\\Kernel->handle(Object(Symfony\\Component\\Console\\Input\\ArgvInput), Object(Symfony\\Component\\Console\\Output\\ConsoleOutput))
#18 {main}
"} 
[2026-03-08 02:57:17] local.ERROR: No arguments expected for "filament:install" command, got "app". {"exception":"[object] (Symfony\\Component\\Console\\Exception\\RuntimeException(code: 0): No arguments expected for \"filament:install\" command, got \"app\". at /Users/mcorucu/.gemini/antigravity/playground/solitary-viking/vendor/symfony/console/Input/ArgvInput.php:199)
[stacktrace]
#0 /Users/mcorucu/.gemini/antigravity/playground/solitary-viking/vendor/symfony/console/Input/ArgvInput.php(92): Symfony\\Component\\Console\\Input\\ArgvInput->parseArgument('app')
#1 /Users/mcorucu/.gemini/antigravity/playground/solitary-viking/vendor/symfony/console/Input/ArgvInput.php(77): Symfony\\Component\\Console\\Input\\ArgvInput->parseToken('app', true)
#2 /Users/mcorucu/.gemini/antigravity/playground/solitary-viking/vendor/symfony/console/Input/Input.php(53): Symfony\\Component\\Console\\Input\\ArgvInput->parse()
#3 /Users/mcorucu/.gemini/antigravity/playground/solitary-viking/vendor/symfony/console/Command/Command.php(295): Symfony\\Component\\Console\\Input\\Input->bind(Object(Symfony\\Component\\Console\\Input\\InputDefinition))
#4 /Users/mcorucu/.gemini/antigravity/playground/solitary-viking/vendor/laravel/framework/src/Illuminate/Console/Command.php(182): Symfony\\Component\\Console\\Command\\Command->run(Object(Symfony\\Component\\Console\\Input\\ArgvInput), Object(Illuminate\\Console\\OutputStyle))
#5 /Users/mcorucu/.gemini/antigravity/playground/solitary-viking/vendor/symfony/console/Application.php(1117): Illuminate\\Console\\Command->run(Object(Symfony\\Component\\Console\\Input\\ArgvInput), Object(Symfony\\Component\\Console\\Output\\ConsoleOutput))
#6 /Users/mcorucu/.gemini/antigravity/playground/solitary-viking/vendor/symfony/console/Application.php(356): Symfony\\Component\\Console\\Application->doRunCommand(Object(Filament\\Support\\Commands\\InstallCommand), Object(Symfony\\Component\\Console\\Input\\ArgvInput), Object(Symfony\\Component\\Console\\Output\\ConsoleOutput))
#7 /Users/mcorucu/.gemini/antigravity/playground/solitary-viking/vendor/symfony/console/Application.php(195): Symfony\\Component\\Console\\Application->doRun(Object(Symfony\\Component\\Console\\Input\\ArgvInput), Object(Symfony\\Component\\Console\\Output\\ConsoleOutput))
#8 /Users/mcorucu/.gemini/antigravity/playground/solitary-viking/vendor/laravel/framework/src/Illuminate/Foundation/Console/Kernel.php(198): Symfony\\Component\\Console\\Application->run(Object(Symfony\\Component\\Console\\Input\\ArgvInput), Object(Symfony\\Component\\Console\\Output\\ConsoleOutput))
#9 /Users/mcorucu/.gemini/antigravity/playground/solitary-viking/artisan(17): Illuminate\\Foundation\\Console\\Kernel->handle(Object(Symfony\\Component\\Console\\Input\\ArgvInput), Object(Symfony\\Component\\Console\\Output\\ConsoleOutput))
#10 {main}
"} 
[2026-03-08 02:57:23] local.ERROR: file_get_contents(/Users/mcorucu/.gemini/antigravity/playground/solitary-viking/config/app.php): Failed to open stream: No such file or directory {"exception":"[object] (ErrorException(code: 0): file_get_contents(/Users/mcorucu/.gemini/antigravity/playground/solitary-viking/config/app.php): Failed to open stream: No such file or directory at /Users/mcorucu/.gemini/antigravity/playground/solitary-viking/vendor/filament/support/src/Commands/Concerns/CanGeneratePanels.php:69)
[stacktrace]
#0 /Users/mcorucu/.gemini/antigravity/playground/solitary-viking/vendor/laravel/framework/src/Illuminate/Foundation/Bootstrap/HandleExceptions.php(258): Illuminate\\Foundation\\Bootstrap\\HandleExceptions->handleError(2, 'file_get_conten...', '/Users/mcorucu/...', 69)
#1 [internal function]: Illuminate\\Foundation\\Bootstrap\\HandleExceptions->{closure:Illuminate\\Foundation\\Bootstrap\\HandleExceptions::forwardsTo():257}(2, 'file_get_conten...', '/Users/mcorucu/...', 69)
#2 /Users/mcorucu/.gemini/antigravity/playground/solitary-viking/vendor/filament/support/src/Commands/Concerns/CanGeneratePanels.php(69): file_get_contents('/Users/mcorucu/...')
#3 /Users/mcorucu/.gemini/antigravity/playground/solitary-viking/vendor/filament/filament/src/Commands/MakePanelCommand.php(23): Filament\\Commands\\MakePanelCommand->generatePanel('admin', '', 'app', false)
#4 /Users/mcorucu/.gemini/antigravity/playground/solitary-viking/vendor/laravel/framework/src/Illuminate/Container/BoundMethod.php(36): Filament\\Commands\\MakePanelCommand->handle()
#5 /Users/mcorucu/.gemini/antigravity/playground/solitary-viking/vendor/laravel/framework/src/Illuminate/Container/Util.php(43): Illuminate\\Container\\BoundMethod::{closure:Illuminate\\Container\\BoundMethod::call():35}()
#6 /Users/mcorucu/.gemini/antigravity/playground/solitary-viking/vendor/laravel/framework/src/Illuminate/Container/BoundMethod.php(95): Illuminate\\Container\\Util::unwrapIfClosure(Object(Closure))
#7 /Users/mcorucu/.gemini/antigravity/playground/solitary-viking/vendor/laravel/framework/src/Illuminate/Container/BoundMethod.php(35): Illuminate\\Container\\BoundMethod::callBoundMethod(Object(Illuminate\\Foundation\\Application), Array, Object(Closure))
#8 /Users/mcorucu/.gemini/antigravity/playground/solitary-viking/vendor/laravel/framework/src/Illuminate/Container/Container.php(696): Illuminate\\Container\\BoundMethod::call(Object(Illuminate\\Foundation\\Application), Array, Array, NULL)
#9 /Users/mcorucu/.gemini/antigravity/playground/solitary-viking/vendor/laravel/framework/src/Illuminate/Console/Command.php(213): Illuminate\\Container\\Container->call(Array)
#10 /Users/mcorucu/.gemini/antigravity/playground/solitary-viking/vendor/symfony/console/Command/Command.php(341): Illuminate\\Console\\Command->execute(Object(Symfony\\Component\\Console\\Input\\ArgvInput), Object(Illuminate\\Console\\OutputStyle))
#11 /Users/mcorucu/.gemini/antigravity/playground/solitary-viking/vendor/laravel/framework/src/Illuminate/Console/Command.php(182): Symfony\\Component\\Console\\Command\\Command->run(Object(Symfony\\Component\\Console\\Input\\ArgvInput), Object(Illuminate\\Console\\OutputStyle))
#12 /Users/mcorucu/.gemini/antigravity/playground/solitary-viking/vendor/symfony/console/Application.php(1117): Illuminate\\Console\\Command->run(Object(Symfony\\Component\\Console\\Input\\ArgvInput), Object(Symfony\\Component\\Console\\Output\\ConsoleOutput))
#13 /Users/mcorucu/.gemini/antigravity/playground/solitary-viking/vendor/symfony/console/Application.php(356): Symfony\\Component\\Console\\Application->doRunCommand(Object(Filament\\Commands\\MakePanelCommand), Object(Symfony\\Component\\Console\\Input\\ArgvInput), Object(Symfony\\Component\\Console\\Output\\ConsoleOutput))
#14 /Users/mcorucu/.gemini/antigravity/playground/solitary-viking/vendor/symfony/console/Application.php(195): Symfony\\Component\\Console\\Application->doRun(Object(Symfony\\Component\\Console\\Input\\ArgvInput), Object(Symfony\\Component\\Console\\Output\\ConsoleOutput))
#15 /Users/mcorucu/.gemini/antigravity/playground/solitary-viking/vendor/laravel/framework/src/Illuminate/Foundation/Console/Kernel.php(198): Symfony\\Component\\Console\\Application->run(Object(Symfony\\Component\\Console\\Input\\ArgvInput), Object(Symfony\\Component\\Console\\Output\\ConsoleOutput))
#16 /Users/mcorucu/.gemini/antigravity/playground/solitary-viking/artisan(17): Illuminate\\Foundation\\Console\\Kernel->handle(Object(Symfony\\Component\\Console\\Input\\ArgvInput), Object(Symfony\\Component\\Console\\Output\\ConsoleOutput))
#17 {main}
"} 
[2026-03-08 02:58:08] local.ERROR: Call to a member function getResourceDirectories() on null {"exception":"[object] (Error(code: 0): Call to a member function getResourceDirectories() on null at /Users/mcorucu/.gemini/antigravity/playground/solitary-viking/vendor/filament/filament/src/Commands/MakeResourceCommand.php:105)
[stacktrace]
#0 /Users/mcorucu/.gemini/antigravity/playground/solitary-viking/vendor/laravel/framework/src/Illuminate/Container/BoundMethod.php(36): Filament\\Commands\\MakeResourceCommand->handle()
#1 /Users/mcorucu/.gemini/antigravity/playground/solitary-viking/vendor/laravel/framework/src/Illuminate/Container/Util.php(43): Illuminate\\Container\\BoundMethod::{closure:Illuminate\\Container\\BoundMethod::call():35}()
#2 /Users/mcorucu/.gemini/antigravity/playground/solitary-viking/vendor/laravel/framework/src/Illuminate/Container/BoundMethod.php(95): Illuminate\\Container\\Util::unwrapIfClosure(Object(Closure))
#3 /Users/mcorucu/.gemini/antigravity/playground/solitary-viking/vendor/laravel/framework/src/Illuminate/Container/BoundMethod.php(35): Illuminate\\Container\\BoundMethod::callBoundMethod(Object(Illuminate\\Foundation\\Application), Array, Object(Closure))
#4 /Users/mcorucu/.gemini/antigravity/playground/solitary-viking/vendor/laravel/framework/src/Illuminate/Container/Container.php(696): Illuminate\\Container\\BoundMethod::call(Object(Illuminate\\Foundation\\Application), Array, Array, NULL)
#5 /Users/mcorucu/.gemini/antigravity/playground/solitary-viking/vendor/laravel/framework/src/Illuminate/Console/Command.php(213): Illuminate\\Container\\Container->call(Array)
#6 /Users/mcorucu/.gemini/antigravity/playground/solitary-viking/vendor/symfony/console/Command/Command.php(341): Illuminate\\Console\\Command->execute(Object(Symfony\\Component\\Console\\Input\\ArgvInput), Object(Illuminate\\Console\\OutputStyle))
#7 /Users/mcorucu/.gemini/antigravity/playground/solitary-viking/vendor/laravel/framework/src/Illuminate/Console/Command.php(182): Symfony\\Component\\Console\\Command\\Command->run(Object(Symfony\\Component\\Console\\Input\\ArgvInput), Object(Illuminate\\Console\\OutputStyle))
#8 /Users/mcorucu/.gemini/antigravity/playground/solitary-viking/vendor/symfony/console/Application.php(1117): Illuminate\\Console\\Command->run(Object(Symfony\\Component\\Console\\Input\\ArgvInput), Object(Symfony\\Component\\Console\\Output\\ConsoleOutput))
#9 /Users/mcorucu/.gemini/antigravity/playground/solitary-viking/vendor/symfony/console/Application.php(356): Symfony\\Component\\Console\\Application->doRunCommand(Object(Filament\\Commands\\MakeResourceCommand), Object(Symfony\\Component\\Console\\Input\\ArgvInput), Object(Symfony\\Component\\Console\\Output\\ConsoleOutput))
#10 /Users/mcorucu/.gemini/antigravity/playground/solitary-viking/vendor/symfony/console/Application.php(195): Symfony\\Component\\Console\\Application->doRun(Object(Symfony\\Component\\Console\\Input\\ArgvInput), Object(Symfony\\Component\\Console\\Output\\ConsoleOutput))
#11 /Users/mcorucu/.gemini/antigravity/playground/solitary-viking/vendor/laravel/framework/src/Illuminate/Foundation/Console/Kernel.php(198): Symfony\\Component\\Console\\Application->run(Object(Symfony\\Component\\Console\\Input\\ArgvInput), Object(Symfony\\Component\\Console\\Output\\ConsoleOutput))
#12 /Users/mcorucu/.gemini/antigravity/playground/solitary-viking/artisan(17): Illuminate\\Foundation\\Console\\Kernel->handle(Object(Symfony\\Component\\Console\\Input\\ArgvInput), Object(Symfony\\Component\\Console\\Output\\ConsoleOutput))
#13 {main}
"} 
[2026-03-08 02:59:21] local.ERROR: Call to undefined method App\Models\User::factory() {"exception":"[object] (BadMethodCallException(code: 0): Call to undefined method App\\Models\\User::factory() at /Users/mcorucu/.gemini/antigravity/playground/solitary-viking/vendor/laravel/framework/src/Illuminate/Support/Traits/ForwardsCalls.php:67)
[stacktrace]
#0 /Users/mcorucu/.gemini/antigravity/playground/solitary-viking/vendor/laravel/framework/src/Illuminate/Support/Traits/ForwardsCalls.php(36): Illuminate\\Database\\Eloquent\\Model::throwBadMethodCallException('factory')
#1 /Users/mcorucu/.gemini/antigravity/playground/solitary-viking/vendor/laravel/framework/src/Illuminate/Database/Eloquent/Model.php(2372): Illuminate\\Database\\Eloquent\\Model->forwardCallTo(Object(Illuminate\\Database\\Eloquent\\Builder), 'factory', Array)
#2 /Users/mcorucu/.gemini/antigravity/playground/solitary-viking/vendor/laravel/framework/src/Illuminate/Database/Eloquent/Model.php(2384): Illuminate\\Database\\Eloquent\\Model->__call('factory', Array)
#3 /Users/mcorucu/.gemini/antigravity/playground/solitary-viking/database/seeders/DatabaseSeeder.php(112): Illuminate\\Database\\Eloquent\\Model::__callStatic('factory', Array)
#4 /Users/mcorucu/.gemini/antigravity/playground/solitary-viking/vendor/laravel/framework/src/Illuminate/Container/BoundMethod.php(36): Database\\Seeders\\DatabaseSeeder->run()
#5 /Users/mcorucu/.gemini/antigravity/playground/solitary-viking/vendor/laravel/framework/src/Illuminate/Container/Util.php(43): Illuminate\\Container\\BoundMethod::{closure:Illuminate\\Container\\BoundMethod::call():35}()
#6 /Users/mcorucu/.gemini/antigravity/playground/solitary-viking/vendor/laravel/framework/src/Illuminate/Container/BoundMethod.php(95): Illuminate\\Container\\Util::unwrapIfClosure(Object(Closure))
#7 /Users/mcorucu/.gemini/antigravity/playground/solitary-viking/vendor/laravel/framework/src/Illuminate/Container/BoundMethod.php(35): Illuminate\\Container\\BoundMethod::callBoundMethod(Object(Illuminate\\Foundation\\Application), Array, Object(Closure))
#8 /Users/mcorucu/.gemini/antigravity/playground/solitary-viking/vendor/laravel/framework/src/Illuminate/Container/Container.php(696): Illuminate\\Container\\BoundMethod::call(Object(Illuminate\\Foundation\\Application), Array, Array, NULL)
#9 /Users/mcorucu/.gemini/antigravity/playground/solitary-viking/vendor/laravel/framework/src/Illuminate/Database/Seeder.php(188): Illuminate\\Container\\Container->call(Array, Array)
#10 /Users/mcorucu/.gemini/antigravity/playground/solitary-viking/vendor/laravel/framework/src/Illuminate/Database/Seeder.php(197): Illuminate\\Database\\Seeder->{closure:Illuminate\\Database\\Seeder::__invoke():187}()
#11 /Users/mcorucu/.gemini/antigravity/playground/solitary-viking/vendor/laravel/framework/src/Illuminate/Database/Console/Seeds/SeedCommand.php(70): Illuminate\\Database\\Seeder->__invoke()
#12 /Users/mcorucu/.gemini/antigravity/playground/solitary-viking/vendor/laravel/framework/src/Illuminate/Database/Eloquent/Concerns/GuardsAttributes.php(155): Illuminate\\Database\\Console\\Seeds\\SeedCommand->{closure:Illuminate\\Database\\Console\\Seeds\\SeedCommand::handle():69}()
#13 /Users/mcorucu/.gemini/antigravity/playground/solitary-viking/vendor/laravel/framework/src/Illuminate/Database/Console/Seeds/SeedCommand.php(69): Illuminate\\Database\\Eloquent\\Model::unguarded(Object(Closure))
#14 /Users/mcorucu/.gemini/antigravity/playground/solitary-viking/vendor/laravel/framework/src/Illuminate/Container/BoundMethod.php(36): Illuminate\\Database\\Console\\Seeds\\SeedCommand->handle()
#15 /Users/mcorucu/.gemini/antigravity/playground/solitary-viking/vendor/laravel/framework/src/Illuminate/Container/Util.php(43): Illuminate\\Container\\BoundMethod::{closure:Illuminate\\Container\\BoundMethod::call():35}()
#16 /Users/mcorucu/.gemini/antigravity/playground/solitary-viking/vendor/laravel/framework/src/Illuminate/Container/BoundMethod.php(95): Illuminate\\Container\\Util::unwrapIfClosure(Object(Closure))
#17 /Users/mcorucu/.gemini/antigravity/playground/solitary-viking/vendor/laravel/framework/src/Illuminate/Container/BoundMethod.php(35): Illuminate\\Container\\BoundMethod::callBoundMethod(Object(Illuminate\\Foundation\\Application), Array, Object(Closure))
#18 /Users/mcorucu/.gemini/antigravity/playground/solitary-viking/vendor/laravel/framework/src/Illuminate/Container/Container.php(696): Illuminate\\Container\\BoundMethod::call(Object(Illuminate\\Foundation\\Application), Array, Array, NULL)
#19 /Users/mcorucu/.gemini/antigravity/playground/solitary-viking/vendor/laravel/framework/src/Illuminate/Console/Command.php(213): Illuminate\\Container\\Container->call(Array)
#20 /Users/mcorucu/.gemini/antigravity/playground/solitary-viking/vendor/symfony/console/Command/Command.php(341): Illuminate\\Console\\Command->execute(Object(Symfony\\Component\\Console\\Input\\ArrayInput), Object(Illuminate\\Console\\OutputStyle))
#21 /Users/mcorucu/.gemini/antigravity/playground/solitary-viking/vendor/laravel/framework/src/Illuminate/Console/Command.php(182): Symfony\\Component\\Console\\Command\\Command->run(Object(Symfony\\Component\\Console\\Input\\ArrayInput), Object(Illuminate\\Console\\OutputStyle))
#22 /Users/mcorucu/.gemini/antigravity/playground/solitary-viking/vendor/laravel/framework/src/Illuminate/Console/Concerns/CallsCommands.php(68): Illuminate\\Console\\Command->run(Object(Symfony\\Component\\Console\\Input\\ArrayInput), Object(Illuminate\\Console\\OutputStyle))
#23 /Users/mcorucu/.gemini/antigravity/playground/solitary-viking/vendor/laravel/framework/src/Illuminate/Console/Concerns/CallsCommands.php(29): Illuminate\\Console\\Command->runCommand('db:seed', Array, Object(Illuminate\\Console\\OutputStyle))
#24 /Users/mcorucu/.gemini/antigravity/playground/solitary-viking/vendor/laravel/framework/src/Illuminate/Database/Console/Migrations/FreshCommand.php(122): Illuminate\\Console\\Command->call('db:seed', Array)
#25 /Users/mcorucu/.gemini/antigravity/playground/solitary-viking/vendor/laravel/framework/src/Illuminate/Database/Console/Migrations/FreshCommand.php(98): Illuminate\\Database\\Console\\Migrations\\FreshCommand->runSeeder(NULL)
#26 /Users/mcorucu/.gemini/antigravity/playground/solitary-viking/vendor/laravel/framework/src/Illuminate/Container/BoundMethod.php(36): Illuminate\\Database\\Console\\Migrations\\FreshCommand->handle()
#27 /Users/mcorucu/.gemini/antigravity/playground/solitary-viking/vendor/laravel/framework/src/Illuminate/Container/Util.php(43): Illuminate\\Container\\BoundMethod::{closure:Illuminate\\Container\\BoundMethod::call():35}()
#28 /Users/mcorucu/.gemini/antigravity/playground/solitary-viking/vendor/laravel/framework/src/Illuminate/Container/BoundMethod.php(95): Illuminate\\Container\\Util::unwrapIfClosure(Object(Closure))
#29 /Users/mcorucu/.gemini/antigravity/playground/solitary-viking/vendor/laravel/framework/src/Illuminate/Container/BoundMethod.php(35): Illuminate\\Container\\BoundMethod::callBoundMethod(Object(Illuminate\\Foundation\\Application), Array, Object(Closure))
#30 /Users/mcorucu/.gemini/antigravity/playground/solitary-viking/vendor/laravel/framework/src/Illuminate/Container/Container.php(696): Illuminate\\Container\\BoundMethod::call(Object(Illuminate\\Foundation\\Application), Array, Array, NULL)
#31 /Users/mcorucu/.gemini/antigravity/playground/solitary-viking/vendor/laravel/framework/src/Illuminate/Console/Command.php(213): Illuminate\\Container\\Container->call(Array)
#32 /Users/mcorucu/.gemini/antigravity/playground/solitary-viking/vendor/symfony/console/Command/Command.php(341): Illuminate\\Console\\Command->execute(Object(Symfony\\Component\\Console\\Input\\ArgvInput), Object(Illuminate\\Console\\OutputStyle))
#33 /Users/mcorucu/.gemini/antigravity/playground/solitary-viking/vendor/laravel/framework/src/Illuminate/Console/Command.php(182): Symfony\\Component\\Console\\Command\\Command->run(Object(Symfony\\Component\\Console\\Input\\ArgvInput), Object(Illuminate\\Console\\OutputStyle))
#34 /Users/mcorucu/.gemini/antigravity/playground/solitary-viking/vendor/symfony/console/Application.php(1117): Illuminate\\Console\\Command->run(Object(Symfony\\Component\\Console\\Input\\ArgvInput), Object(Symfony\\Component\\Console\\Output\\ConsoleOutput))
#35 /Users/mcorucu/.gemini/antigravity/playground/solitary-viking/vendor/symfony/console/Application.php(356): Symfony\\Component\\Console\\Application->doRunCommand(Object(Illuminate\\Database\\Console\\Migrations\\FreshCommand), Object(Symfony\\Component\\Console\\Input\\ArgvInput), Object(Symfony\\Component\\Console\\Output\\ConsoleOutput))
#36 /Users/mcorucu/.gemini/antigravity/playground/solitary-viking/vendor/symfony/console/Application.php(195): Symfony\\Component\\Console\\Application->doRun(Object(Symfony\\Component\\Console\\Input\\ArgvInput), Object(Symfony\\Component\\Console\\Output\\ConsoleOutput))
#37 /Users/mcorucu/.gemini/antigravity/playground/solitary-viking/vendor/laravel/framework/src/Illuminate/Foundation/Console/Kernel.php(198): Symfony\\Component\\Console\\Application->run(Object(Symfony\\Component\\Console\\Input\\ArgvInput), Object(Symfony\\Component\\Console\\Output\\ConsoleOutput))
#38 /Users/mcorucu/.gemini/antigravity/playground/solitary-viking/artisan(17): Illuminate\\Foundation\\Console\\Kernel->handle(Object(Symfony\\Component\\Console\\Input\\ArgvInput), Object(Symfony\\Component\\Console\\Output\\ConsoleOutput))
#39 {main}
"} 
[2026-03-08 03:11:50] local.ERROR: Class "App\Filament\Resources\UserResource\Pages\ListUsers" not found {"exception":"[object] (Error(code: 0): Class \"App\\Filament\\Resources\\UserResource\\Pages\\ListUsers\" not found at /Users/mcorucu/.gemini/antigravity/playground/solitary-viking/app/Filament/Resources/UserResource.php:59)
[stacktrace]
#0 /Users/mcorucu/.gemini/antigravity/playground/solitary-viking/vendor/filament/filament/src/Panel/Concerns/HasComponents.php(525): App\\Filament\\Resources\\UserResource::getPages()
#1 /Users/mcorucu/.gemini/antigravity/playground/solitary-viking/vendor/filament/filament/src/Panel.php(69): Filament\\Panel->registerLivewireComponents()
#2 /Users/mcorucu/.gemini/antigravity/playground/solitary-viking/vendor/filament/filament/src/PanelRegistry.php(19): Filament\\Panel->register()
#3 /Users/mcorucu/.gemini/antigravity/playground/solitary-viking/vendor/filament/filament/src/Facades/Filament.php(140): Filament\\PanelRegistry->register(Object(Filament\\Panel))
#4 /Users/mcorucu/.gemini/antigravity/playground/solitary-viking/vendor/laravel/framework/src/Illuminate/Container/Container.php(1432): Filament\\Facades\\Filament::{closure:Filament\\Facades\\Filament::registerPanel():140}(Object(Filament\\PanelRegistry), Object(Illuminate\\Foundation\\Application))
#5 /Users/mcorucu/.gemini/antigravity/playground/solitary-viking/vendor/laravel/framework/src/Illuminate/Container/Container.php(1350): Illuminate\\Container\\Container->fireCallbackArray(Object(Filament\\PanelRegistry), Array)
#6 /Users/mcorucu/.gemini/antigravity/playground/solitary-viking/vendor/laravel/framework/src/Illuminate/Container/Container.php(850): Illuminate\\Container\\Container->fireResolvingCallbacks('Filament\\\\PanelR...', Object(Filament\\PanelRegistry))
#7 /Users/mcorucu/.gemini/antigravity/playground/solitary-viking/vendor/laravel/framework/src/Illuminate/Foundation/Application.php(1078): Illuminate\\Container\\Container->resolve('Filament\\\\PanelR...', Array, true)
#8 /Users/mcorucu/.gemini/antigravity/playground/solitary-viking/vendor/laravel/framework/src/Illuminate/Container/Container.php(763): Illuminate\\Foundation\\Application->resolve('Filament\\\\PanelR...', Array)
#9 /Users/mcorucu/.gemini/antigravity/playground/solitary-viking/vendor/laravel/framework/src/Illuminate/Foundation/Application.php(1058): Illuminate\\Container\\Container->make('Filament\\\\PanelR...', Array)
#10 /Users/mcorucu/.gemini/antigravity/playground/solitary-viking/vendor/laravel/framework/src/Illuminate/Foundation/helpers.php(124): Illuminate\\Foundation\\Application->make('Filament\\\\PanelR...', Array)
#11 /Users/mcorucu/.gemini/antigravity/playground/solitary-viking/vendor/filament/filament/src/FilamentManager.php(51): app('Filament\\\\PanelR...')
#12 /Users/mcorucu/.gemini/antigravity/playground/solitary-viking/vendor/filament/filament/src/FilamentServiceProvider.php(48): Filament\\FilamentManager->__construct()
#13 /Users/mcorucu/.gemini/antigravity/playground/solitary-viking/vendor/laravel/framework/src/Illuminate/Container/Container.php(952): Filament\\FilamentServiceProvider->{closure:Filament\\FilamentServiceProvider::packageRegistered():47}(Object(Illuminate\\Foundation\\Application), Array)
#14 /Users/mcorucu/.gemini/antigravity/playground/solitary-viking/vendor/laravel/framework/src/Illuminate/Container/Container.php(832): Illuminate\\Container\\Container->build(Object(Closure))
#15 /Users/mcorucu/.gemini/antigravity/playground/solitary-viking/vendor/laravel/framework/src/Illuminate/Foundation/Application.php(1078): Illuminate\\Container\\Container->resolve('filament', Array, true)
#16 /Users/mcorucu/.gemini/antigravity/playground/solitary-viking/vendor/laravel/framework/src/Illuminate/Container/Container.php(763): Illuminate\\Foundation\\Application->resolve('filament', Array)
#17 /Users/mcorucu/.gemini/antigravity/playground/solitary-viking/vendor/laravel/framework/src/Illuminate/Foundation/Application.php(1058): Illuminate\\Container\\Container->make('filament', Array)
#18 /Users/mcorucu/.gemini/antigravity/playground/solitary-viking/vendor/laravel/framework/src/Illuminate/Container/Container.php(1580): Illuminate\\Foundation\\Application->make('filament')
#19 /Users/mcorucu/.gemini/antigravity/playground/solitary-viking/vendor/laravel/framework/src/Illuminate/Support/Facades/Facade.php(239): Illuminate\\Container\\Container->offsetGet('filament')
#20 /Users/mcorucu/.gemini/antigravity/playground/solitary-viking/vendor/laravel/framework/src/Illuminate/Support/Facades/Facade.php(210): Illuminate\\Support\\Facades\\Facade::resolveFacadeInstance('filament')
#21 /Users/mcorucu/.gemini/antigravity/playground/solitary-viking/vendor/laravel/framework/src/Illuminate/Support/Facades/Facade.php(355): Illuminate\\Support\\Facades\\Facade::getFacadeRoot()
#22 /Users/mcorucu/.gemini/antigravity/playground/solitary-viking/vendor/filament/filament/routes/web.php(13): Illuminate\\Support\\Facades\\Facade::__callStatic('getPanels', Array)
#23 /Users/mcorucu/.gemini/antigravity/playground/solitary-viking/vendor/laravel/framework/src/Illuminate/Routing/Router.php(511): Illuminate\\Support\\ServiceProvider->{closure:/Users/mcorucu/.gemini/antigravity/playground/solitary-viking/vendor/filament/filament/routes/web.php:12}(Object(Illuminate\\Routing\\Router))
#24 /Users/mcorucu/.gemini/antigravity/playground/solitary-viking/vendor/laravel/framework/src/Illuminate/Routing/Router.php(467): Illuminate\\Routing\\Router->loadRoutes(Object(Closure))
#25 /Users/mcorucu/.gemini/antigravity/playground/solitary-viking/vendor/laravel/framework/src/Illuminate/Routing/RouteRegistrar.php(207): Illuminate\\Routing\\Router->group(Array, Object(Closure))
#26 /Users/mcorucu/.gemini/antigravity/playground/solitary-viking/vendor/filament/filament/routes/web.php(12): Illuminate\\Routing\\RouteRegistrar->group(Object(Closure))
#27 /Users/mcorucu/.gemini/antigravity/playground/solitary-viking/vendor/laravel/framework/src/Illuminate/Support/ServiceProvider.php(195): require('/Users/mcorucu/...')
#28 /Users/mcorucu/.gemini/antigravity/playground/solitary-viking/vendor/spatie/laravel-package-tools/src/Concerns/PackageServiceProvider/ProcessRoutes.php(14): Illuminate\\Support\\ServiceProvider->loadRoutesFrom('/Users/mcorucu/...')
#29 /Users/mcorucu/.gemini/antigravity/playground/solitary-viking/vendor/spatie/laravel-package-tools/src/PackageServiceProvider.php(85): Spatie\\LaravelPackageTools\\PackageServiceProvider->bootPackageRoutes()
#30 /Users/mcorucu/.gemini/antigravity/playground/solitary-viking/vendor/laravel/framework/src/Illuminate/Container/BoundMethod.php(36): Spatie\\LaravelPackageTools\\PackageServiceProvider->boot()
#31 /Users/mcorucu/.gemini/antigravity/playground/solitary-viking/vendor/laravel/framework/src/Illuminate/Container/Util.php(43): Illuminate\\Container\\BoundMethod::{closure:Illuminate\\Container\\BoundMethod::call():35}()
#32 /Users/mcorucu/.gemini/antigravity/playground/solitary-viking/vendor/laravel/framework/src/Illuminate/Container/BoundMethod.php(95): Illuminate\\Container\\Util::unwrapIfClosure(Object(Closure))
#33 /Users/mcorucu/.gemini/antigravity/playground/solitary-viking/vendor/laravel/framework/src/Illuminate/Container/BoundMethod.php(35): Illuminate\\Container\\BoundMethod::callBoundMethod(Object(Illuminate\\Foundation\\Application), Array, Object(Closure))
#34 /Users/mcorucu/.gemini/antigravity/playground/solitary-viking/vendor/laravel/framework/src/Illuminate/Container/Container.php(696): Illuminate\\Container\\BoundMethod::call(Object(Illuminate\\Foundation\\Application), Array, Array, NULL)
#35 /Users/mcorucu/.gemini/antigravity/playground/solitary-viking/vendor/laravel/framework/src/Illuminate/Foundation/Application.php(1151): Illuminate\\Container\\Container->call(Array)
#36 /Users/mcorucu/.gemini/antigravity/playground/solitary-viking/vendor/laravel/framework/src/Illuminate/Foundation/Application.php(1132): Illuminate\\Foundation\\Application->bootProvider(Object(Filament\\FilamentServiceProvider))
#37 [internal function]: Illuminate\\Foundation\\Application->{closure:Illuminate\\Foundation\\Application::boot():1131}(Object(Filament\\FilamentServiceProvider), 'Filament\\\\Filame...')
#38 /Users/mcorucu/.gemini/antigravity/playground/solitary-viking/vendor/laravel/framework/src/Illuminate/Foundation/Application.php(1131): array_walk(Array, Object(Closure))
#39 /Users/mcorucu/.gemini/antigravity/playground/solitary-viking/vendor/laravel/framework/src/Illuminate/Foundation/Bootstrap/BootProviders.php(17): Illuminate\\Foundation\\Application->boot()
#40 /Users/mcorucu/.gemini/antigravity/playground/solitary-viking/vendor/laravel/framework/src/Illuminate/Foundation/Application.php(342): Illuminate\\Foundation\\Bootstrap\\BootProviders->bootstrap(Object(Illuminate\\Foundation\\Application))
#41 /Users/mcorucu/.gemini/antigravity/playground/solitary-viking/vendor/laravel/framework/src/Illuminate/Foundation/Console/Kernel.php(474): Illuminate\\Foundation\\Application->bootstrapWith(Array)
#42 /Users/mcorucu/.gemini/antigravity/playground/solitary-viking/vendor/laravel/framework/src/Illuminate/Foundation/Console/Kernel.php(196): Illuminate\\Foundation\\Console\\Kernel->bootstrap()
#43 /Users/mcorucu/.gemini/antigravity/playground/solitary-viking/artisan(17): Illuminate\\Foundation\\Console\\Kernel->handle(Object(Symfony\\Component\\Console\\Input\\ArgvInput), Object(Symfony\\Component\\Console\\Output\\ConsoleOutput))
#44 {main}
"} 
[2026-03-08 03:37:17] local.ERROR: Method Filament\Forms\Components\RichEditor::saveFileAttachmentsUsing does not exist. {"userId":1,"exception":"[object] (BadMethodCallException(code: 0): Method Filament\\Forms\\Components\\RichEditor::saveFileAttachmentsUsing does not exist. at /Users/mcorucu/.gemini/antigravity/playground/solitary-viking/vendor/filament/support/src/Concerns/Macroable.php:77)
[stacktrace]
#0 /Users/mcorucu/.gemini/antigravity/playground/solitary-viking/app/Filament/Resources/PostResource.php(41): Filament\\Support\\Components\\Component->__call('saveFileAttachm...', Array)
#1 /Users/mcorucu/.gemini/antigravity/playground/solitary-viking/vendor/filament/filament/src/Resources/Pages/EditRecord.php(377): App\\Filament\\Resources\\PostResource::form(Object(Filament\\Forms\\Form))
#2 /Users/mcorucu/.gemini/antigravity/playground/solitary-viking/vendor/filament/forms/src/Concerns/InteractsWithForms.php(364): Filament\\Resources\\Pages\\EditRecord->getForms()
#3 /Users/mcorucu/.gemini/antigravity/playground/solitary-viking/vendor/filament/forms/src/Concerns/InteractsWithForms.php(435): Filament\\Pages\\BasePage->cacheForms()
#4 /Users/mcorucu/.gemini/antigravity/playground/solitary-viking/vendor/filament/forms/src/Concerns/InteractsWithForms.php(426): Filament\\Pages\\BasePage->getCachedForms()
#5 /Users/mcorucu/.gemini/antigravity/playground/solitary-viking/vendor/filament/support/src/Concerns/ResolvesDynamicLivewireProperties.php(27): Filament\\Pages\\BasePage->getForm('form')
#6 /Users/mcorucu/.gemini/antigravity/playground/solitary-viking/vendor/filament/filament/src/Resources/Pages/EditRecord.php(107): Filament\\Pages\\BasePage->__get('form')
#7 /Users/mcorucu/.gemini/antigravity/playground/solitary-viking/vendor/filament/filament/src/Resources/Pages/EditRecord.php(90): Filament\\Resources\\Pages\\EditRecord->fillFormWithDataAndCallHooks(Object(App\\Models\\Post))
#8 /Users/mcorucu/.gemini/antigravity/playground/solitary-viking/vendor/filament/filament/src/Resources/Pages/EditRecord.php(77): Filament\\Resources\\Pages\\EditRecord->fillForm()
#9 /Users/mcorucu/.gemini/antigravity/playground/solitary-viking/vendor/laravel/framework/src/Illuminate/Container/BoundMethod.php(36): Filament\\Resources\\Pages\\EditRecord->mount('1')
#10 /Users/mcorucu/.gemini/antigravity/playground/solitary-viking/vendor/laravel/framework/src/Illuminate/Container/Util.php(43): Illuminate\\Container\\BoundMethod::{closure:Illuminate\\Container\\BoundMethod::call():35}()
#11 /Users/mcorucu/.gemini/antigravity/playground/solitary-viking/vendor/laravel/framework/src/Illuminate/Container/BoundMethod.php(95): Illuminate\\Container\\Util::unwrapIfClosure(Object(Closure))
#12 /Users/mcorucu/.gemini/antigravity/playground/solitary-viking/vendor/laravel/framework/src/Illuminate/Container/BoundMethod.php(35): Illuminate\\Container\\BoundMethod::callBoundMethod(Object(Illuminate\\Foundation\\Application), Array, Object(Closure))
#13 /Users/mcorucu/.gemini/antigravity/playground/solitary-viking/vendor/livewire/livewire/src/Wrapped.php(23): Illuminate\\Container\\BoundMethod::call(Object(Illuminate\\Foundation\\Application), Array, Array)
#14 /Users/mcorucu/.gemini/antigravity/playground/solitary-viking/vendor/livewire/livewire/src/Features/SupportLifecycleHooks/SupportLifecycleHooks.php(134): Livewire\\Wrapped->__call('mount', Array)
#15 /Users/mcorucu/.gemini/antigravity/playground/solitary-viking/vendor/livewire/livewire/src/Features/SupportLifecycleHooks/SupportLifecycleHooks.php(20): Livewire\\Features\\SupportLifecycleHooks\\SupportLifecycleHooks->callHook('mount', Array)
#16 /Users/mcorucu/.gemini/antigravity/playground/solitary-viking/vendor/livewire/livewire/src/ComponentHook.php(19): Livewire\\Features\\SupportLifecycleHooks\\SupportLifecycleHooks->mount(Array, false)
#17 /Users/mcorucu/.gemini/antigravity/playground/solitary-viking/vendor/livewire/livewire/src/ComponentHookRegistry.php(45): Livewire\\ComponentHook->callMount(Array, false)
#18 /Users/mcorucu/.gemini/antigravity/playground/solitary-viking/vendor/livewire/livewire/src/EventBus.php(60): Livewire\\ComponentHookRegistry::{closure:Livewire\\ComponentHookRegistry::boot():39}(Object(App\\Filament\\Resources\\PostResource\\Pages\\EditPost), Array, NULL, false)
#19 /Users/mcorucu/.gemini/antigravity/playground/solitary-viking/vendor/livewire/livewire/src/helpers.php(98): Livewire\\EventBus->trigger('mount', Object(App\\Filament\\Resources\\PostResource\\Pages\\EditPost), Array, NULL, false)
#20 /Users/mcorucu/.gemini/antigravity/playground/solitary-viking/vendor/livewire/livewire/src/Mechanisms/HandleComponents/HandleComponents.php(50): Livewire\\trigger('mount', Object(App\\Filament\\Resources\\PostResource\\Pages\\EditPost), Array, NULL, false)
#21 /Users/mcorucu/.gemini/antigravity/playground/solitary-viking/vendor/livewire/livewire/src/LivewireManager.php(73): Livewire\\Mechanisms\\HandleComponents\\HandleComponents->mount('App\\\\Filament\\\\Re...', Array, NULL)
#22 /Users/mcorucu/.gemini/antigravity/playground/solitary-viking/vendor/livewire/livewire/src/Features/SupportPageComponents/HandlesPageComponents.php(17): Livewire\\LivewireManager->mount('App\\\\Filament\\\\Re...', Array)
#23 /Users/mcorucu/.gemini/antigravity/playground/solitary-viking/vendor/livewire/livewire/src/Features/SupportPageComponents/SupportPageComponents.php(117): Livewire\\Component->{closure:Livewire\\Features\\SupportPageComponents\\HandlesPageComponents::__invoke():14}()
#24 /Users/mcorucu/.gemini/antigravity/playground/solitary-viking/vendor/livewire/livewire/src/Features/SupportPageComponents/HandlesPageComponents.php(14): Livewire\\Features\\SupportPageComponents\\SupportPageComponents::interceptTheRenderOfTheComponentAndRetreiveTheLayoutConfiguration(Object(Closure))
#25 /Users/mcorucu/.gemini/antigravity/playground/solitary-viking/vendor/laravel/framework/src/Illuminate/Routing/ControllerDispatcher.php(47): Livewire\\Component->__invoke('1')
#26 /Users/mcorucu/.gemini/antigravity/playground/solitary-viking/vendor/laravel/framework/src/Illuminate/Routing/Route.php(266): Illuminate\\Routing\\ControllerDispatcher->dispatch(Object(Illuminate\\Routing\\Route), Object(App\\Filament\\Resources\\PostResource\\Pages\\EditPost), '__invoke')
#27 /Users/mcorucu/.gemini/antigravity/playground/solitary-viking/vendor/laravel/framework/src/Illuminate/Routing/Route.php(212): Illuminate\\Routing\\Route->runController()
#28 /Users/mcorucu/.gemini/antigravity/playground/solitary-viking/vendor/laravel/framework/src/Illuminate/Routing/Router.php(808): Illuminate\\Routing\\Route->run()
#29 /Users/mcorucu/.gemini/antigravity/playground/solitary-viking/vendor/laravel/framework/src/Illuminate/Pipeline/Pipeline.php(170): Illuminate\\Routing\\Router->{closure:Illuminate\\Routing\\Router::runRouteWithinStack():807}(Object(Illuminate\\Http\\Request))
#30 /Users/mcorucu/.gemini/antigravity/playground/solitary-viking/vendor/filament/filament/src/Http/Middleware/DispatchServingFilamentEvent.php(15): Illuminate\\Pipeline\\Pipeline->{closure:Illuminate\\Pipeline\\Pipeline::prepareDestination():168}(Object(Illuminate\\Http\\Request))
#31 /Users/mcorucu/.gemini/antigravity/playground/solitary-viking/vendor/laravel/framework/src/Illuminate/Pipeline/Pipeline.php(209): Filament\\Http\\Middleware\\DispatchServingFilamentEvent->handle(Object(Illuminate\\Http\\Request), Object(Closure))
#32 /Users/mcorucu/.gemini/antigravity/playground/solitary-viking/vendor/filament/filament/src/Http/Middleware/DisableBladeIconComponents.php(14): Illuminate\\Pipeline\\Pipeline->{closure:{closure:Illuminate\\Pipeline\\Pipeline::carry():184}:185}(Object(Illuminate\\Http\\Request))
#33 /Users/mcorucu/.gemini/antigravity/playground/solitary-viking/vendor/laravel/framework/src/Illuminate/Pipeline/Pipeline.php(209): Filament\\Http\\Middleware\\DisableBladeIconComponents->handle(Object(Illuminate\\Http\\Request), Object(Closure))
#34 /Users/mcorucu/.gemini/antigravity/playground/solitary-viking/vendor/laravel/framework/src/Illuminate/Routing/Middleware/SubstituteBindings.php(51): Illuminate\\Pipeline\\Pipeline->{closure:{closure:Illuminate\\Pipeline\\Pipeline::carry():184}:185}(Object(Illuminate\\Http\\Request))
#35 /Users/mcorucu/.gemini/antigravity/playground/solitary-viking/vendor/laravel/framework/src/Illuminate/Pipeline/Pipeline.php(209): Illuminate\\Routing\\Middleware\\SubstituteBindings->handle(Object(Illuminate\\Http\\Request), Object(Closure))
#36 /Users/mcorucu/.gemini/antigravity/playground/solitary-viking/vendor/laravel/framework/src/Illuminate/Foundation/Http/Middleware/VerifyCsrfToken.php(88): Illuminate\\Pipeline\\Pipeline->{closure:{closure:Illuminate\\Pipeline\\Pipeline::carry():184}:185}(Object(Illuminate\\Http\\Request))
#37 /Users/mcorucu/.gemini/antigravity/playground/solitary-viking/vendor/laravel/framework/src/Illuminate/Pipeline/Pipeline.php(209): Illuminate\\Foundation\\Http\\Middleware\\VerifyCsrfToken->handle(Object(Illuminate\\Http\\Request), Object(Closure))
#38 /Users/mcorucu/.gemini/antigravity/playground/solitary-viking/vendor/laravel/framework/src/Illuminate/Session/Middleware/AuthenticateSession.php(67): Illuminate\\Pipeline\\Pipeline->{closure:{closure:Illuminate\\Pipeline\\Pipeline::carry():184}:185}(Object(Illuminate\\Http\\Request))
#39 /Users/mcorucu/.gemini/antigravity/playground/solitary-viking/vendor/laravel/framework/src/Illuminate/Pipeline/Pipeline.php(209): Illuminate\\Session\\Middleware\\AuthenticateSession->handle(Object(Illuminate\\Http\\Request), Object(Closure))
#40 /Users/mcorucu/.gemini/antigravity/playground/solitary-viking/vendor/laravel/framework/src/Illuminate/Auth/Middleware/Authenticate.php(64): Illuminate\\Pipeline\\Pipeline->{closure:{closure:Illuminate\\Pipeline\\Pipeline::carry():184}:185}(Object(Illuminate\\Http\\Request))
#41 /Users/mcorucu/.gemini/antigravity/playground/solitary-viking/vendor/laravel/framework/src/Illuminate/Pipeline/Pipeline.php(209): Illuminate\\Auth\\Middleware\\Authenticate->handle(Object(Illuminate\\Http\\Request), Object(Closure))
#42 /Users/mcorucu/.gemini/antigravity/playground/solitary-viking/vendor/laravel/framework/src/Illuminate/View/Middleware/ShareErrorsFromSession.php(49): Illuminate\\Pipeline\\Pipeline->{closure:{closure:Illuminate\\Pipeline\\Pipeline::carry():184}:185}(Object(Illuminate\\Http\\Request))
#43 /Users/mcorucu/.gemini/antigravity/playground/solitary-viking/vendor/laravel/framework/src/Illuminate/Pipeline/Pipeline.php(209): Illuminate\\View\\Middleware\\ShareErrorsFromSession->handle(Object(Illuminate\\Http\\Request), Object(Closure))
#44 /Users/mcorucu/.gemini/antigravity/playground/solitary-viking/vendor/laravel/framework/src/Illuminate/Session/Middleware/StartSession.php(121): Illuminate\\Pipeline\\Pipeline->{closure:{closure:Illuminate\\Pipeline\\Pipeline::carry():184}:185}(Object(Illuminate\\Http\\Request))
#45 /Users/mcorucu/.gemini/antigravity/playground/solitary-viking/vendor/laravel/framework/src/Illuminate/Session/Middleware/StartSession.php(64): Illuminate\\Session\\Middleware\\StartSession->handleStatefulRequest(Object(Illuminate\\Http\\Request), Object(Illuminate\\Session\\Store), Object(Closure))
#46 /Users/mcorucu/.gemini/antigravity/playground/solitary-viking/vendor/laravel/framework/src/Illuminate/Pipeline/Pipeline.php(209): Illuminate\\Session\\Middleware\\StartSession->handle(Object(Illuminate\\Http\\Request), Object(Closure))
#47 /Users/mcorucu/.gemini/antigravity/playground/solitary-viking/vendor/laravel/framework/src/Illuminate/Cookie/Middleware/AddQueuedCookiesToResponse.php(37): Illuminate\\Pipeline\\Pipeline->{closure:{closure:Illuminate\\Pipeline\\Pipeline::carry():184}:185}(Object(Illuminate\\Http\\Request))
#48 /Users/mcorucu/.gemini/antigravity/playground/solitary-viking/vendor/laravel/framework/src/Illuminate/Pipeline/Pipeline.php(209): Illuminate\\Cookie\\Middleware\\AddQueuedCookiesToResponse->handle(Object(Illuminate\\Http\\Request), Object(Closure))
#49 /Users/mcorucu/.gemini/antigravity/playground/solitary-viking/vendor/laravel/framework/src/Illuminate/Cookie/Middleware/EncryptCookies.php(75): Illuminate\\Pipeline\\Pipeline->{closure:{closure:Illuminate\\Pipeline\\Pipeline::carry():184}:185}(Object(Illuminate\\Http\\Request))
#50 /Users/mcorucu/.gemini/antigravity/playground/solitary-viking/vendor/laravel/framework/src/Illuminate/Pipeline/Pipeline.php(209): Illuminate\\Cookie\\Middleware\\EncryptCookies->handle(Object(Illuminate\\Http\\Request), Object(Closure))
#51 /Users/mcorucu/.gemini/antigravity/playground/solitary-viking/vendor/filament/filament/src/Http/Middleware/SetUpPanel.php(19): Illuminate\\Pipeline\\Pipeline->{closure:{closure:Illuminate\\Pipeline\\Pipeline::carry():184}:185}(Object(Illuminate\\Http\\Request))
#52 /Users/mcorucu/.gemini/antigravity/playground/solitary-viking/vendor/laravel/framework/src/Illuminate/Pipeline/Pipeline.php(209): Filament\\Http\\Middleware\\SetUpPanel->handle(Object(Illuminate\\Http\\Request), Object(Closure), Object(Filament\\Panel))
#53 /Users/mcorucu/.gemini/antigravity/playground/solitary-viking/vendor/laravel/framework/src/Illuminate/Pipeline/Pipeline.php(127): Illuminate\\Pipeline\\Pipeline->{closure:{closure:Illuminate\\Pipeline\\Pipeline::carry():184}:185}(Object(Illuminate\\Http\\Request))
#54 /Users/mcorucu/.gemini/antigravity/playground/solitary-viking/vendor/laravel/framework/src/Illuminate/Routing/Router.php(807): Illuminate\\Pipeline\\Pipeline->then(Object(Closure))
#55 /Users/mcorucu/.gemini/antigravity/playground/solitary-viking/vendor/laravel/framework/src/Illuminate/Routing/Router.php(786): Illuminate\\Routing\\Router->runRouteWithinStack(Object(Illuminate\\Routing\\Route), Object(Illuminate\\Http\\Request))
#56 /Users/mcorucu/.gemini/antigravity/playground/solitary-viking/vendor/laravel/framework/src/Illuminate/Routing/Router.php(750): Illuminate\\Routing\\Router->runRoute(Object(Illuminate\\Http\\Request), Object(Illuminate\\Routing\\Route))
#57 /Users/mcorucu/.gemini/antigravity/playground/solitary-viking/vendor/laravel/framework/src/Illuminate/Routing/Router.php(739): Illuminate\\Routing\\Router->dispatchToRoute(Object(Illuminate\\Http\\Request))
#58 /Users/mcorucu/.gemini/antigravity/playground/solitary-viking/vendor/laravel/framework/src/Illuminate/Foundation/Http/Kernel.php(201): Illuminate\\Routing\\Router->dispatch(Object(Illuminate\\Http\\Request))
#59 /Users/mcorucu/.gemini/antigravity/playground/solitary-viking/vendor/laravel/framework/src/Illuminate/Pipeline/Pipeline.php(170): Illuminate\\Foundation\\Http\\Kernel->{closure:Illuminate\\Foundation\\Http\\Kernel::dispatchToRouter():198}(Object(Illuminate\\Http\\Request))
#60 /Users/mcorucu/.gemini/antigravity/playground/solitary-viking/vendor/livewire/livewire/src/Features/SupportDisablingBackButtonCache/DisableBackButtonCacheMiddleware.php(19): Illuminate\\Pipeline\\Pipeline->{closure:Illuminate\\Pipeline\\Pipeline::prepareDestination():168}(Object(Illuminate\\Http\\Request))
#61 /Users/mcorucu/.gemini/antigravity/playground/solitary-viking/vendor/laravel/framework/src/Illuminate/Pipeline/Pipeline.php(209): Livewire\\Features\\SupportDisablingBackButtonCache\\DisableBackButtonCacheMiddleware->handle(Object(Illuminate\\Http\\Request), Object(Closure))
#62 /Users/mcorucu/.gemini/antigravity/playground/solitary-viking/vendor/laravel/framework/src/Illuminate/Foundation/Http/Middleware/TransformsRequest.php(21): Illuminate\\Pipeline\\Pipeline->{closure:{closure:Illuminate\\Pipeline\\Pipeline::carry():184}:185}(Object(Illuminate\\Http\\Request))
#63 /Users/mcorucu/.gemini/antigravity/playground/solitary-viking/vendor/laravel/framework/src/Illuminate/Foundation/Http/Middleware/ConvertEmptyStringsToNull.php(31): Illuminate\\Foundation\\Http\\Middleware\\TransformsRequest->handle(Object(Illuminate\\Http\\Request), Object(Closure))
#64 /Users/mcorucu/.gemini/antigravity/playground/solitary-viking/vendor/laravel/framework/src/Illuminate/Pipeline/Pipeline.php(209): Illuminate\\Foundation\\Http\\Middleware\\ConvertEmptyStringsToNull->handle(Object(Illuminate\\Http\\Request), Object(Closure))
#65 /Users/mcorucu/.gemini/antigravity/playground/solitary-viking/vendor/laravel/framework/src/Illuminate/Foundation/Http/Middleware/TransformsRequest.php(21): Illuminate\\Pipeline\\Pipeline->{closure:{closure:Illuminate\\Pipeline\\Pipeline::carry():184}:185}(Object(Illuminate\\Http\\Request))
#66 /Users/mcorucu/.gemini/antigravity/playground/solitary-viking/vendor/laravel/framework/src/Illuminate/Foundation/Http/Middleware/TrimStrings.php(51): Illuminate\\Foundation\\Http\\Middleware\\TransformsRequest->handle(Object(Illuminate\\Http\\Request), Object(Closure))
#67 /Users/mcorucu/.gemini/antigravity/playground/solitary-viking/vendor/laravel/framework/src/Illuminate/Pipeline/Pipeline.php(209): Illuminate\\Foundation\\Http\\Middleware\\TrimStrings->handle(Object(Illuminate\\Http\\Request), Object(Closure))
#68 /Users/mcorucu/.gemini/antigravity/playground/solitary-viking/vendor/laravel/framework/src/Illuminate/Http/Middleware/ValidatePostSize.php(27): Illuminate\\Pipeline\\Pipeline->{closure:{closure:Illuminate\\Pipeline\\Pipeline::carry():184}:185}(Object(Illuminate\\Http\\Request))
#69 /Users/mcorucu/.gemini/antigravity/playground/solitary-viking/vendor/laravel/framework/src/Illuminate/Pipeline/Pipeline.php(209): Illuminate\\Http\\Middleware\\ValidatePostSize->handle(Object(Illuminate\\Http\\Request), Object(Closure))
#70 /Users/mcorucu/.gemini/antigravity/playground/solitary-viking/vendor/laravel/framework/src/Illuminate/Foundation/Http/Middleware/PreventRequestsDuringMaintenance.php(110): Illuminate\\Pipeline\\Pipeline->{closure:{closure:Illuminate\\Pipeline\\Pipeline::carry():184}:185}(Object(Illuminate\\Http\\Request))
#71 /Users/mcorucu/.gemini/antigravity/playground/solitary-viking/vendor/laravel/framework/src/Illuminate/Pipeline/Pipeline.php(209): Illuminate\\Foundation\\Http\\Middleware\\PreventRequestsDuringMaintenance->handle(Object(Illuminate\\Http\\Request), Object(Closure))
#72 /Users/mcorucu/.gemini/antigravity/playground/solitary-viking/vendor/laravel/framework/src/Illuminate/Http/Middleware/HandleCors.php(49): Illuminate\\Pipeline\\Pipeline->{closure:{closure:Illuminate\\Pipeline\\Pipeline::carry():184}:185}(Object(Illuminate\\Http\\Request))
#73 /Users/mcorucu/.gemini/antigravity/playground/solitary-viking/vendor/laravel/framework/src/Illuminate/Pipeline/Pipeline.php(209): Illuminate\\Http\\Middleware\\HandleCors->handle(Object(Illuminate\\Http\\Request), Object(Closure))
#74 /Users/mcorucu/.gemini/antigravity/playground/solitary-viking/vendor/laravel/framework/src/Illuminate/Http/Middleware/TrustProxies.php(58): Illuminate\\Pipeline\\Pipeline->{closure:{closure:Illuminate\\Pipeline\\Pipeline::carry():184}:185}(Object(Illuminate\\Http\\Request))
#75 /Users/mcorucu/.gemini/antigravity/playground/solitary-viking/vendor/laravel/framework/src/Illuminate/Pipeline/Pipeline.php(209): Illuminate\\Http\\Middleware\\TrustProxies->handle(Object(Illuminate\\Http\\Request), Object(Closure))
#76 /Users/mcorucu/.gemini/antigravity/playground/solitary-viking/vendor/laravel/framework/src/Illuminate/Foundation/Http/Middleware/InvokeDeferredCallbacks.php(22): Illuminate\\Pipeline\\Pipeline->{closure:{closure:Illuminate\\Pipeline\\Pipeline::carry():184}:185}(Object(Illuminate\\Http\\Request))
#77 /Users/mcorucu/.gemini/antigravity/playground/solitary-viking/vendor/laravel/framework/src/Illuminate/Pipeline/Pipeline.php(209): Illuminate\\Foundation\\Http\\Middleware\\InvokeDeferredCallbacks->handle(Object(Illuminate\\Http\\Request), Object(Closure))
#78 /Users/mcorucu/.gemini/antigravity/playground/solitary-viking/vendor/laravel/framework/src/Illuminate/Pipeline/Pipeline.php(127): Illuminate\\Pipeline\\Pipeline->{closure:{closure:Illuminate\\Pipeline\\Pipeline::carry():184}:185}(Object(Illuminate\\Http\\Request))
#79 /Users/mcorucu/.gemini/antigravity/playground/solitary-viking/vendor/laravel/framework/src/Illuminate/Foundation/Http/Kernel.php(176): Illuminate\\Pipeline\\Pipeline->then(Object(Closure))
#80 /Users/mcorucu/.gemini/antigravity/playground/solitary-viking/vendor/laravel/framework/src/Illuminate/Foundation/Http/Kernel.php(145): Illuminate\\Foundation\\Http\\Kernel->sendRequestThroughRouter(Object(Illuminate\\Http\\Request))
#81 /Users/mcorucu/.gemini/antigravity/playground/solitary-viking/public/index.php(24): Illuminate\\Foundation\\Http\\Kernel->handle(Object(Illuminate\\Http\\Request))
#82 /Users/mcorucu/.gemini/antigravity/playground/solitary-viking/vendor/laravel/framework/src/Illuminate/Foundation/resources/server.php(23): require_once('/Users/mcorucu/...')
#83 {main}
"} 
[2026-03-08 03:51:19] local.ERROR: Method Filament\Forms\Components\FileUpload::reuploadable does not exist. {"userId":1,"exception":"[object] (BadMethodCallException(code: 0): Method Filament\\Forms\\Components\\FileUpload::reuploadable does not exist. at /Users/mcorucu/.gemini/antigravity/playground/solitary-viking/vendor/filament/support/src/Concerns/Macroable.php:77)
[stacktrace]
#0 /Users/mcorucu/.gemini/antigravity/playground/solitary-viking/app/Filament/Resources/PostResource.php(98): Filament\\Support\\Components\\Component->__call('reuploadable', Array)
#1 /Users/mcorucu/.gemini/antigravity/playground/solitary-viking/vendor/filament/filament/src/Resources/Pages/EditRecord.php(377): App\\Filament\\Resources\\PostResource::form(Object(Filament\\Forms\\Form))
#2 /Users/mcorucu/.gemini/antigravity/playground/solitary-viking/vendor/filament/forms/src/Concerns/InteractsWithForms.php(364): Filament\\Resources\\Pages\\EditRecord->getForms()
#3 /Users/mcorucu/.gemini/antigravity/playground/solitary-viking/vendor/filament/forms/src/Concerns/InteractsWithForms.php(435): Filament\\Pages\\BasePage->cacheForms()
#4 /Users/mcorucu/.gemini/antigravity/playground/solitary-viking/vendor/filament/forms/src/Concerns/InteractsWithForms.php(426): Filament\\Pages\\BasePage->getCachedForms()
#5 /Users/mcorucu/.gemini/antigravity/playground/solitary-viking/vendor/filament/support/src/Concerns/ResolvesDynamicLivewireProperties.php(27): Filament\\Pages\\BasePage->getForm('form')
#6 /Users/mcorucu/.gemini/antigravity/playground/solitary-viking/vendor/filament/filament/src/Resources/Pages/EditRecord.php(107): Filament\\Pages\\BasePage->__get('form')
#7 /Users/mcorucu/.gemini/antigravity/playground/solitary-viking/vendor/filament/filament/src/Resources/Pages/EditRecord.php(90): Filament\\Resources\\Pages\\EditRecord->fillFormWithDataAndCallHooks(Object(App\\Models\\Post))
#8 /Users/mcorucu/.gemini/antigravity/playground/solitary-viking/vendor/filament/filament/src/Resources/Pages/EditRecord.php(77): Filament\\Resources\\Pages\\EditRecord->fillForm()
#9 /Users/mcorucu/.gemini/antigravity/playground/solitary-viking/vendor/laravel/framework/src/Illuminate/Container/BoundMethod.php(36): Filament\\Resources\\Pages\\EditRecord->mount('2')
#10 /Users/mcorucu/.gemini/antigravity/playground/solitary-viking/vendor/laravel/framework/src/Illuminate/Container/Util.php(43): Illuminate\\Container\\BoundMethod::{closure:Illuminate\\Container\\BoundMethod::call():35}()
#11 /Users/mcorucu/.gemini/antigravity/playground/solitary-viking/vendor/laravel/framework/src/Illuminate/Container/BoundMethod.php(95): Illuminate\\Container\\Util::unwrapIfClosure(Object(Closure))
#12 /Users/mcorucu/.gemini/antigravity/playground/solitary-viking/vendor/laravel/framework/src/Illuminate/Container/BoundMethod.php(35): Illuminate\\Container\\BoundMethod::callBoundMethod(Object(Illuminate\\Foundation\\Application), Array, Object(Closure))
#13 /Users/mcorucu/.gemini/antigravity/playground/solitary-viking/vendor/livewire/livewire/src/Wrapped.php(23): Illuminate\\Container\\BoundMethod::call(Object(Illuminate\\Foundation\\Application), Array, Array)
#14 /Users/mcorucu/.gemini/antigravity/playground/solitary-viking/vendor/livewire/livewire/src/Features/SupportLifecycleHooks/SupportLifecycleHooks.php(134): Livewire\\Wrapped->__call('mount', Array)
#15 /Users/mcorucu/.gemini/antigravity/playground/solitary-viking/vendor/livewire/livewire/src/Features/SupportLifecycleHooks/SupportLifecycleHooks.php(20): Livewire\\Features\\SupportLifecycleHooks\\SupportLifecycleHooks->callHook('mount', Array)
#16 /Users/mcorucu/.gemini/antigravity/playground/solitary-viking/vendor/livewire/livewire/src/ComponentHook.php(19): Livewire\\Features\\SupportLifecycleHooks\\SupportLifecycleHooks->mount(Array, false)
#17 /Users/mcorucu/.gemini/antigravity/playground/solitary-viking/vendor/livewire/livewire/src/ComponentHookRegistry.php(45): Livewire\\ComponentHook->callMount(Array, false)
#18 /Users/mcorucu/.gemini/antigravity/playground/solitary-viking/vendor/livewire/livewire/src/EventBus.php(60): Livewire\\ComponentHookRegistry::{closure:Livewire\\ComponentHookRegistry::boot():39}(Object(App\\Filament\\Resources\\PostResource\\Pages\\EditPost), Array, NULL, false)
#19 /Users/mcorucu/.gemini/antigravity/playground/solitary-viking/vendor/livewire/livewire/src/helpers.php(98): Livewire\\EventBus->trigger('mount', Object(App\\Filament\\Resources\\PostResource\\Pages\\EditPost), Array, NULL, false)
#20 /Users/mcorucu/.gemini/antigravity/playground/solitary-viking/vendor/livewire/livewire/src/Mechanisms/HandleComponents/HandleComponents.php(50): Livewire\\trigger('mount', Object(App\\Filament\\Resources\\PostResource\\Pages\\EditPost), Array, NULL, false)
#21 /Users/mcorucu/.gemini/antigravity/playground/solitary-viking/vendor/livewire/livewire/src/LivewireManager.php(73): Livewire\\Mechanisms\\HandleComponents\\HandleComponents->mount('App\\\\Filament\\\\Re...', Array, NULL)
#22 /Users/mcorucu/.gemini/antigravity/playground/solitary-viking/vendor/livewire/livewire/src/Features/SupportPageComponents/HandlesPageComponents.php(17): Livewire\\LivewireManager->mount('App\\\\Filament\\\\Re...', Array)
#23 /Users/mcorucu/.gemini/antigravity/playground/solitary-viking/vendor/livewire/livewire/src/Features/SupportPageComponents/SupportPageComponents.php(117): Livewire\\Component->{closure:Livewire\\Features\\SupportPageComponents\\HandlesPageComponents::__invoke():14}()
#24 /Users/mcorucu/.gemini/antigravity/playground/solitary-viking/vendor/livewire/livewire/src/Features/SupportPageComponents/HandlesPageComponents.php(14): Livewire\\Features\\SupportPageComponents\\SupportPageComponents::interceptTheRenderOfTheComponentAndRetreiveTheLayoutConfiguration(Object(Closure))
#25 /Users/mcorucu/.gemini/antigravity/playground/solitary-viking/vendor/laravel/framework/src/Illuminate/Routing/ControllerDispatcher.php(47): Livewire\\Component->__invoke('2')
#26 /Users/mcorucu/.gemini/antigravity/playground/solitary-viking/vendor/laravel/framework/src/Illuminate/Routing/Route.php(266): Illuminate\\Routing\\ControllerDispatcher->dispatch(Object(Illuminate\\Routing\\Route), Object(App\\Filament\\Resources\\PostResource\\Pages\\EditPost), '__invoke')
#27 /Users/mcorucu/.gemini/antigravity/playground/solitary-viking/vendor/laravel/framework/src/Illuminate/Routing/Route.php(212): Illuminate\\Routing\\Route->runController()
#28 /Users/mcorucu/.gemini/antigravity/playground/solitary-viking/vendor/laravel/framework/src/Illuminate/Routing/Router.php(808): Illuminate\\Routing\\Route->run()
#29 /Users/mcorucu/.gemini/antigravity/playground/solitary-viking/vendor/laravel/framework/src/Illuminate/Pipeline/Pipeline.php(170): Illuminate\\Routing\\Router->{closure:Illuminate\\Routing\\Router::runRouteWithinStack():807}(Object(Illuminate\\Http\\Request))
#30 /Users/mcorucu/.gemini/antigravity/playground/solitary-viking/vendor/filament/filament/src/Http/Middleware/DispatchServingFilamentEvent.php(15): Illuminate\\Pipeline\\Pipeline->{closure:Illuminate\\Pipeline\\Pipeline::prepareDestination():168}(Object(Illuminate\\Http\\Request))
#31 /Users/mcorucu/.gemini/antigravity/playground/solitary-viking/vendor/laravel/framework/src/Illuminate/Pipeline/Pipeline.php(209): Filament\\Http\\Middleware\\DispatchServingFilamentEvent->handle(Object(Illuminate\\Http\\Request), Object(Closure))
#32 /Users/mcorucu/.gemini/antigravity/playground/solitary-viking/vendor/filament/filament/src/Http/Middleware/DisableBladeIconComponents.php(14): Illuminate\\Pipeline\\Pipeline->{closure:{closure:Illuminate\\Pipeline\\Pipeline::carry():184}:185}(Object(Illuminate\\Http\\Request))
#33 /Users/mcorucu/.gemini/antigravity/playground/solitary-viking/vendor/laravel/framework/src/Illuminate/Pipeline/Pipeline.php(209): Filament\\Http\\Middleware\\DisableBladeIconComponents->handle(Object(Illuminate\\Http\\Request), Object(Closure))
#34 /Users/mcorucu/.gemini/antigravity/playground/solitary-viking/vendor/laravel/framework/src/Illuminate/Routing/Middleware/SubstituteBindings.php(51): Illuminate\\Pipeline\\Pipeline->{closure:{closure:Illuminate\\Pipeline\\Pipeline::carry():184}:185}(Object(Illuminate\\Http\\Request))
#35 /Users/mcorucu/.gemini/antigravity/playground/solitary-viking/vendor/laravel/framework/src/Illuminate/Pipeline/Pipeline.php(209): Illuminate\\Routing\\Middleware\\SubstituteBindings->handle(Object(Illuminate\\Http\\Request), Object(Closure))
#36 /Users/mcorucu/.gemini/antigravity/playground/solitary-viking/vendor/laravel/framework/src/Illuminate/Foundation/Http/Middleware/VerifyCsrfToken.php(88): Illuminate\\Pipeline\\Pipeline->{closure:{closure:Illuminate\\Pipeline\\Pipeline::carry():184}:185}(Object(Illuminate\\Http\\Request))
#37 /Users/mcorucu/.gemini/antigravity/playground/solitary-viking/vendor/laravel/framework/src/Illuminate/Pipeline/Pipeline.php(209): Illuminate\\Foundation\\Http\\Middleware\\VerifyCsrfToken->handle(Object(Illuminate\\Http\\Request), Object(Closure))
#38 /Users/mcorucu/.gemini/antigravity/playground/solitary-viking/vendor/laravel/framework/src/Illuminate/Session/Middleware/AuthenticateSession.php(67): Illuminate\\Pipeline\\Pipeline->{closure:{closure:Illuminate\\Pipeline\\Pipeline::carry():184}:185}(Object(Illuminate\\Http\\Request))
#39 /Users/mcorucu/.gemini/antigravity/playground/solitary-viking/vendor/laravel/framework/src/Illuminate/Pipeline/Pipeline.php(209): Illuminate\\Session\\Middleware\\AuthenticateSession->handle(Object(Illuminate\\Http\\Request), Object(Closure))
#40 /Users/mcorucu/.gemini/antigravity/playground/solitary-viking/vendor/laravel/framework/src/Illuminate/Auth/Middleware/Authenticate.php(64): Illuminate\\Pipeline\\Pipeline->{closure:{closure:Illuminate\\Pipeline\\Pipeline::carry():184}:185}(Object(Illuminate\\Http\\Request))
#41 /Users/mcorucu/.gemini/antigravity/playground/solitary-viking/vendor/laravel/framework/src/Illuminate/Pipeline/Pipeline.php(209): Illuminate\\Auth\\Middleware\\Authenticate->handle(Object(Illuminate\\Http\\Request), Object(Closure))
#42 /Users/mcorucu/.gemini/antigravity/playground/solitary-viking/vendor/laravel/framework/src/Illuminate/View/Middleware/ShareErrorsFromSession.php(49): Illuminate\\Pipeline\\Pipeline->{closure:{closure:Illuminate\\Pipeline\\Pipeline::carry():184}:185}(Object(Illuminate\\Http\\Request))
#43 /Users/mcorucu/.gemini/antigravity/playground/solitary-viking/vendor/laravel/framework/src/Illuminate/Pipeline/Pipeline.php(209): Illuminate\\View\\Middleware\\ShareErrorsFromSession->handle(Object(Illuminate\\Http\\Request), Object(Closure))
#44 /Users/mcorucu/.gemini/antigravity/playground/solitary-viking/vendor/laravel/framework/src/Illuminate/Session/Middleware/StartSession.php(121): Illuminate\\Pipeline\\Pipeline->{closure:{closure:Illuminate\\Pipeline\\Pipeline::carry():184}:185}(Object(Illuminate\\Http\\Request))
#45 /Users/mcorucu/.gemini/antigravity/playground/solitary-viking/vendor/laravel/framework/src/Illuminate/Session/Middleware/StartSession.php(64): Illuminate\\Session\\Middleware\\StartSession->handleStatefulRequest(Object(Illuminate\\Http\\Request), Object(Illuminate\\Session\\Store), Object(Closure))
#46 /Users/mcorucu/.gemini/antigravity/playground/solitary-viking/vendor/laravel/framework/src/Illuminate/Pipeline/Pipeline.php(209): Illuminate\\Session\\Middleware\\StartSession->handle(Object(Illuminate\\Http\\Request), Object(Closure))
#47 /Users/mcorucu/.gemini/antigravity/playground/solitary-viking/vendor/laravel/framework/src/Illuminate/Cookie/Middleware/AddQueuedCookiesToResponse.php(37): Illuminate\\Pipeline\\Pipeline->{closure:{closure:Illuminate\\Pipeline\\Pipeline::carry():184}:185}(Object(Illuminate\\Http\\Request))
#48 /Users/mcorucu/.gemini/antigravity/playground/solitary-viking/vendor/laravel/framework/src/Illuminate/Pipeline/Pipeline.php(209): Illuminate\\Cookie\\Middleware\\AddQueuedCookiesToResponse->handle(Object(Illuminate\\Http\\Request), Object(Closure))
#49 /Users/mcorucu/.gemini/antigravity/playground/solitary-viking/vendor/laravel/framework/src/Illuminate/Cookie/Middleware/EncryptCookies.php(75): Illuminate\\Pipeline\\Pipeline->{closure:{closure:Illuminate\\Pipeline\\Pipeline::carry():184}:185}(Object(Illuminate\\Http\\Request))
#50 /Users/mcorucu/.gemini/antigravity/playground/solitary-viking/vendor/laravel/framework/src/Illuminate/Pipeline/Pipeline.php(209): Illuminate\\Cookie\\Middleware\\EncryptCookies->handle(Object(Illuminate\\Http\\Request), Object(Closure))
#51 /Users/mcorucu/.gemini/antigravity/playground/solitary-viking/vendor/filament/filament/src/Http/Middleware/SetUpPanel.php(19): Illuminate\\Pipeline\\Pipeline->{closure:{closure:Illuminate\\Pipeline\\Pipeline::carry():184}:185}(Object(Illuminate\\Http\\Request))
#52 /Users/mcorucu/.gemini/antigravity/playground/solitary-viking/vendor/laravel/framework/src/Illuminate/Pipeline/Pipeline.php(209): Filament\\Http\\Middleware\\SetUpPanel->handle(Object(Illuminate\\Http\\Request), Object(Closure), Object(Filament\\Panel))
#53 /Users/mcorucu/.gemini/antigravity/playground/solitary-viking/vendor/laravel/framework/src/Illuminate/Pipeline/Pipeline.php(127): Illuminate\\Pipeline\\Pipeline->{closure:{closure:Illuminate\\Pipeline\\Pipeline::carry():184}:185}(Object(Illuminate\\Http\\Request))
#54 /Users/mcorucu/.gemini/antigravity/playground/solitary-viking/vendor/laravel/framework/src/Illuminate/Routing/Router.php(807): Illuminate\\Pipeline\\Pipeline->then(Object(Closure))
#55 /Users/mcorucu/.gemini/antigravity/playground/solitary-viking/vendor/laravel/framework/src/Illuminate/Routing/Router.php(786): Illuminate\\Routing\\Router->runRouteWithinStack(Object(Illuminate\\Routing\\Route), Object(Illuminate\\Http\\Request))
#56 /Users/mcorucu/.gemini/antigravity/playground/solitary-viking/vendor/laravel/framework/src/Illuminate/Routing/Router.php(750): Illuminate\\Routing\\Router->runRoute(Object(Illuminate\\Http\\Request), Object(Illuminate\\Routing\\Route))
#57 /Users/mcorucu/.gemini/antigravity/playground/solitary-viking/vendor/laravel/framework/src/Illuminate/Routing/Router.php(739): Illuminate\\Routing\\Router->dispatchToRoute(Object(Illuminate\\Http\\Request))
#58 /Users/mcorucu/.gemini/antigravity/playground/solitary-viking/vendor/laravel/framework/src/Illuminate/Foundation/Http/Kernel.php(201): Illuminate\\Routing\\Router->dispatch(Object(Illuminate\\Http\\Request))
#59 /Users/mcorucu/.gemini/antigravity/playground/solitary-viking/vendor/laravel/framework/src/Illuminate/Pipeline/Pipeline.php(170): Illuminate\\Foundation\\Http\\Kernel->{closure:Illuminate\\Foundation\\Http\\Kernel::dispatchToRouter():198}(Object(Illuminate\\Http\\Request))
#60 /Users/mcorucu/.gemini/antigravity/playground/solitary-viking/vendor/livewire/livewire/src/Features/SupportDisablingBackButtonCache/DisableBackButtonCacheMiddleware.php(19): Illuminate\\Pipeline\\Pipeline->{closure:Illuminate\\Pipeline\\Pipeline::prepareDestination():168}(Object(Illuminate\\Http\\Request))
#61 /Users/mcorucu/.gemini/antigravity/playground/solitary-viking/vendor/laravel/framework/src/Illuminate/Pipeline/Pipeline.php(209): Livewire\\Features\\SupportDisablingBackButtonCache\\DisableBackButtonCacheMiddleware->handle(Object(Illuminate\\Http\\Request), Object(Closure))
#62 /Users/mcorucu/.gemini/antigravity/playground/solitary-viking/vendor/laravel/framework/src/Illuminate/Foundation/Http/Middleware/TransformsRequest.php(21): Illuminate\\Pipeline\\Pipeline->{closure:{closure:Illuminate\\Pipeline\\Pipeline::carry():184}:185}(Object(Illuminate\\Http\\Request))
#63 /Users/mcorucu/.gemini/antigravity/playground/solitary-viking/vendor/laravel/framework/src/Illuminate/Foundation/Http/Middleware/ConvertEmptyStringsToNull.php(31): Illuminate\\Foundation\\Http\\Middleware\\TransformsRequest->handle(Object(Illuminate\\Http\\Request), Object(Closure))
#64 /Users/mcorucu/.gemini/antigravity/playground/solitary-viking/vendor/laravel/framework/src/Illuminate/Pipeline/Pipeline.php(209): Illuminate\\Foundation\\Http\\Middleware\\ConvertEmptyStringsToNull->handle(Object(Illuminate\\Http\\Request), Object(Closure))
#65 /Users/mcorucu/.gemini/antigravity/playground/solitary-viking/vendor/laravel/framework/src/Illuminate/Foundation/Http/Middleware/TransformsRequest.php(21): Illuminate\\Pipeline\\Pipeline->{closure:{closure:Illuminate\\Pipeline\\Pipeline::carry():184}:185}(Object(Illuminate\\Http\\Request))
#66 /Users/mcorucu/.gemini/antigravity/playground/solitary-viking/vendor/laravel/framework/src/Illuminate/Foundation/Http/Middleware/TrimStrings.php(51): Illuminate\\Foundation\\Http\\Middleware\\TransformsRequest->handle(Object(Illuminate\\Http\\Request), Object(Closure))
#67 /Users/mcorucu/.gemini/antigravity/playground/solitary-viking/vendor/laravel/framework/src/Illuminate/Pipeline/Pipeline.php(209): Illuminate\\Foundation\\Http\\Middleware\\TrimStrings->handle(Object(Illuminate\\Http\\Request), Object(Closure))
#68 /Users/mcorucu/.gemini/antigravity/playground/solitary-viking/vendor/laravel/framework/src/Illuminate/Http/Middleware/ValidatePostSize.php(27): Illuminate\\Pipeline\\Pipeline->{closure:{closure:Illuminate\\Pipeline\\Pipeline::carry():184}:185}(Object(Illuminate\\Http\\Request))
#69 /Users/mcorucu/.gemini/antigravity/playground/solitary-viking/vendor/laravel/framework/src/Illuminate/Pipeline/Pipeline.php(209): Illuminate\\Http\\Middleware\\ValidatePostSize->handle(Object(Illuminate\\Http\\Request), Object(Closure))
#70 /Users/mcorucu/.gemini/antigravity/playground/solitary-viking/vendor/laravel/framework/src/Illuminate/Foundation/Http/Middleware/PreventRequestsDuringMaintenance.php(110): Illuminate\\Pipeline\\Pipeline->{closure:{closure:Illuminate\\Pipeline\\Pipeline::carry():184}:185}(Object(Illuminate\\Http\\Request))
#71 /Users/mcorucu/.gemini/antigravity/playground/solitary-viking/vendor/laravel/framework/src/Illuminate/Pipeline/Pipeline.php(209): Illuminate\\Foundation\\Http\\Middleware\\PreventRequestsDuringMaintenance->handle(Object(Illuminate\\Http\\Request), Object(Closure))
#72 /Users/mcorucu/.gemini/antigravity/playground/solitary-viking/vendor/laravel/framework/src/Illuminate/Http/Middleware/HandleCors.php(49): Illuminate\\Pipeline\\Pipeline->{closure:{closure:Illuminate\\Pipeline\\Pipeline::carry():184}:185}(Object(Illuminate\\Http\\Request))
#73 /Users/mcorucu/.gemini/antigravity/playground/solitary-viking/vendor/laravel/framework/src/Illuminate/Pipeline/Pipeline.php(209): Illuminate\\Http\\Middleware\\HandleCors->handle(Object(Illuminate\\Http\\Request), Object(Closure))
#74 /Users/mcorucu/.gemini/antigravity/playground/solitary-viking/vendor/laravel/framework/src/Illuminate/Http/Middleware/TrustProxies.php(58): Illuminate\\Pipeline\\Pipeline->{closure:{closure:Illuminate\\Pipeline\\Pipeline::carry():184}:185}(Object(Illuminate\\Http\\Request))
#75 /Users/mcorucu/.gemini/antigravity/playground/solitary-viking/vendor/laravel/framework/src/Illuminate/Pipeline/Pipeline.php(209): Illuminate\\Http\\Middleware\\TrustProxies->handle(Object(Illuminate\\Http\\Request), Object(Closure))
#76 /Users/mcorucu/.gemini/antigravity/playground/solitary-viking/vendor/laravel/framework/src/Illuminate/Foundation/Http/Middleware/InvokeDeferredCallbacks.php(22): Illuminate\\Pipeline\\Pipeline->{closure:{closure:Illuminate\\Pipeline\\Pipeline::carry():184}:185}(Object(Illuminate\\Http\\Request))
#77 /Users/mcorucu/.gemini/antigravity/playground/solitary-viking/vendor/laravel/framework/src/Illuminate/Pipeline/Pipeline.php(209): Illuminate\\Foundation\\Http\\Middleware\\InvokeDeferredCallbacks->handle(Object(Illuminate\\Http\\Request), Object(Closure))
#78 /Users/mcorucu/.gemini/antigravity/playground/solitary-viking/vendor/laravel/framework/src/Illuminate/Pipeline/Pipeline.php(127): Illuminate\\Pipeline\\Pipeline->{closure:{closure:Illuminate\\Pipeline\\Pipeline::carry():184}:185}(Object(Illuminate\\Http\\Request))
#79 /Users/mcorucu/.gemini/antigravity/playground/solitary-viking/vendor/laravel/framework/src/Illuminate/Foundation/Http/Kernel.php(176): Illuminate\\Pipeline\\Pipeline->then(Object(Closure))
#80 /Users/mcorucu/.gemini/antigravity/playground/solitary-viking/vendor/laravel/framework/src/Illuminate/Foundation/Http/Kernel.php(145): Illuminate\\Foundation\\Http\\Kernel->sendRequestThroughRouter(Object(Illuminate\\Http\\Request))
#81 /Users/mcorucu/.gemini/antigravity/playground/solitary-viking/public/index.php(24): Illuminate\\Foundation\\Http\\Kernel->handle(Object(Illuminate\\Http\\Request))
#82 /Users/mcorucu/.gemini/antigravity/playground/solitary-viking/vendor/laravel/framework/src/Illuminate/Foundation/resources/server.php(23): require_once('/Users/mcorucu/...')
#83 {main}
"} 
